index,name,age,guest_email,has_rewards,room_type,amenities_fee,checkin_date,checkout_date,room_rate,billing_address,credit_card_number
16189848,Tom Prince,38,dsullivan@example.net,False,DELUXE,4.35,2020-06-21,2020-06-22,240.12,"90469 Karla Knolls Apt. 781
Susanberg, CA 70033",180052671151200.0
12023745,John Roberts,33,steven59@example.org,False,BASIC,25.8,2020-11-21,2020-11-22,156.97,"6108 Carla Ports Apt. 116
Port Evan, MI 71694",3597462455355292.0
15287077,Billy Murphy,35,brandon15@example.net,False,BASIC,1.76,2020-03-31,2020-04-01,194.09,"86709 Jeremy Manors Apt. 786
Port Garychester, NY 89396",4.506225085001041e+18
15968702,Maria Roy,38,humphreyjennifer@example.net,True,DELUXE,0.04,2020-09-20,2020-09-21,281.35,"8906 Bobby Trail
East Sandra, NY 43986",3508886770110131.0
2886621,Sandra Mercado,30,joshuabrown@example.net,False,BASIC,0.48,2020-05-17,2020-05-18,96.26,"732 Dennis Lane
Port Nicholasstad, DE 49786",30183309259420.0
5139537,Eric Sherman,33,moondavid@example.com,False,BASIC,0.8,2020-11-28,2020-11-29,86.26,"812 Kimberly Forges
East Brianafurt, TN 07793",347656375153914.0
14009891,Jerry Berger,37,patty61@example.com,False,BASIC,18.2,2020-04-22,2020-04-23,149.83,"7999 Sheila Forges Apt. 089
West Briannahaven, DC 42402",4433145920976497.0
11808027,Kelly Turner,37,michellehill@example.net,False,BASIC,,2021-01-05,2021-01-06,101.31,"0794 Bell Causeway Suite 830
Port Joseph, WV 87475",6561682123781794.0
15847670,Joan Patterson,36,loganosborne@example.org,False,BASIC,39.55,2020-07-09,2020-07-11,103.75,"436 Derek Walks Apt. 522
Davisburgh, OK 13124",6532732111664183.0
16653740,Sherry Mcdowell,46,gkey@example.org,False,BASIC,26.88,2020-06-05,2020-06-06,112.77,"26077 Small Courts
Brandonshire, IN 30170",38250296241703.0
9496133,Dylan Cook,31,maykimberly@example.com,False,SUITE,3.9,2020-02-13,2020-02-15,222.7,"1943 Jones Crossing Apt. 570
Christensenview, SD 23020",4870217621894947.0
11070022,Becky Ford,34,josephknight@example.com,False,BASIC,0.02,2020-10-03,2020-10-04,114.64,"315 Padilla Ports Apt. 924
New William, OH 86954",374931901514525.0
3822064,Andrea Harrington,35,nmoses@example.com,False,BASIC,16.7,2020-11-17,2020-11-20,168.48,"117 Delgado Island Apt. 504
New Carrie, MA 69574",501867180082.0
1161824,Charles Castillo,38,hamptonemma@example.net,False,BASIC,30.74,2020-07-31,2020-08-01,362.67,"61701 Brown Inlet Suite 727
Davisburgh, AS 70337",3526203380502681.0
15399332,Derrick Mckay,35,paula75@example.org,True,BASIC,11.51,2020-10-28,2020-10-29,283.18,"67341 Gill Springs Suite 388
Lake Josephshire, ND 91686",30075413312436.0
9837451,Richard Lewis DDS,35,zmurray@example.com,False,BASIC,6.41,2021-01-03,2021-01-05,101.93,"3373 Barbara Ramp Apt. 731
Port Paula, AR 38288",3512572496878136.0
8497895,Lisa Lopez,29,rfletcher@example.net,False,SUITE,12.98,2020-06-05,2020-06-07,400.94,"410 William Fort Suite 078
Carrieport, VT 58792",213139999175747.0
767188,Michael Phillips,33,ruizcameron@example.org,False,BASIC,43.07,2020-02-23,2020-02-24,138.61,"USNS Hendricks
FPO AE 84604",3533015952747556.0
6890481,Jacob Delacruz,29,smithsara@example.org,False,DELUXE,10.13,2020-04-06,2020-04-07,120.88,"4477 Paul Garden Apt. 483
Mcneilbury, MN 82285",3546591923039815.0
13163003,Edward Thomas,33,maria62@example.com,True,BASIC,3.89,2020-11-28,2020-11-29,401.82,"PSC 9486, Box 4682
APO AA 98819",346920431357427.0
1327125,Heather Garrett,45,edwardstammy@example.com,False,DELUXE,0.02,2020-11-10,2020-11-11,117.95,"343 Baldwin Rest Apt. 946
East Hollyview, LA 42007",36233765325480.0
9148323,Rebecca Conner,40,catherinemccormick@example.net,False,BASIC,36.06,2020-01-28,2020-01-30,254.9,"9445 Nicole Plaza Apt. 276
Eatonfurt, DC 18567",4883942848658503.0
4677280,Bobby Johnson,46,jesse07@example.net,False,BASIC,14.06,2020-10-27,2020-10-28,100.44,"1904 Wilson Creek Apt. 658
Lake Andrea, WY 90251",38601200996362.0
1960071,Maria Knight,38,wendyjohnson@example.org,False,BASIC,40.23,2020-06-19,2020-06-20,91.6,"84957 Fields Plaza
Lake Benjamin, KY 84307",3579824931666638.0
6074580,Daniel Clark,34,omitchell@example.com,False,BASIC,46.19,2020-03-22,2020-03-24,100.84,"96390 Brady Bridge Suite 194
Lake Harold, PA 36574",3595992944377442.0
5564823,Luke Miller,45,westjoseph@example.com,True,SUITE,0.4,2020-04-22,2020-04-23,255.12,"367 Williams Parks Apt. 846
Marshville, NH 89621",3583473653792448.0
7858168,Brian Williams,34,jason43@example.org,False,BASIC,2.7,2020-12-06,2020-12-10,105.39,"8186 Matthew Trail Suite 357
Port Markside, SC 92450",6011981947436387.0
16072964,Brandon Macias,37,lancewatkins@example.net,False,DELUXE,2.48,2020-06-22,2020-06-24,126.24,"Unit 7599 Box 7175
DPO AA 75758",4556150727772660.0
15142143,Daniel Gonzalez,40,annesherman@example.org,False,DELUXE,7.77,2020-11-16,2020-11-19,125.61,"Unit 1315 Box 2678
DPO AE 94415",502056708980.0
3540040,Cassandra Martinez,45,kimlance@example.net,False,DELUXE,30.17,2020-03-08,2020-03-12,226.57,"77720 Andrew Burg
Alexandermouth, ND 28613",5471312864101751.0
2051032,Laura Hubbard,43,michaelwheeler@example.com,False,BASIC,48.12,2020-10-29,2020-10-30,127.97,"4148 Ryan Tunnel
Lake Jay, NM 34078",4989751952474307.0
13682937,Julie Brown,36,randy76@example.com,False,DELUXE,20.21,2020-07-08,2020-07-09,306.45,"607 Moran Stream Suite 476
West Sara, OK 12134",3509613216409524.0
2902300,Michael Potter,31,pschroeder@example.org,False,BASIC,7.65,2020-08-14,2020-08-15,135.73,"7944 Watkins Pass
East Dale, KS 28967",2297145013917969.0
12648685,Timothy Moreno,38,ariana98@example.org,True,BASIC,,2020-03-23,2020-03-24,199.69,"472 Dodson Shore
West Mitchellville, VI 84398",180053387014708.0
6317854,Toni Perez,34,hillcourtney@example.com,False,BASIC,1.75,2020-05-12,2020-05-13,132.91,"503 Andrea Throughway
South Loribury, TX 29844",213112259133615.0
8882350,Donald Scott,35,edwinherrera@example.org,False,BASIC,26.25,2020-07-24,2020-07-25,87.29,"Unit 1814 Box 8918
DPO AP 84144",36504907651169.0
2981193,Amy Marshall,33,nicolasodom@example.net,False,DELUXE,4.02,2020-03-14,2020-03-15,185.49,"38971 Thompson Motorway Suite 674
Sarahfort, SC 76730",501893595667.0
1012898,Daniel Henderson PhD,41,richard66@example.com,False,BASIC,21.21,2020-06-04,2020-06-05,127.1,"504 James Cove Suite 629
Antonioshire, MD 92450",4518437796820349.0
14771092,Allison Hawkins,36,james04@example.com,False,SUITE,22.07,2020-07-25,2020-07-26,267.77,"24927 Scott Rest
Dawsonmouth, MA 93046",4620264785123.0
16585826,Theodore Henson,34,arianafritz@example.org,False,BASIC,5.07,2020-01-30,2020-01-31,129.69,"06616 Johnson Fall
Maryton, OR 34388",4876152821392331.0
2064457,Kristin Pierce,29,ryan53@example.org,False,DELUXE,15.63,2020-02-22,2020-02-25,89.94,"6316 Brian Inlet Apt. 103
East Edward, ND 87314",4838434281575481.0
13051143,Kelly Rhodes,34,bobbyreid@example.com,False,BASIC,48.12,2020-09-28,2020-09-29,110.68,"1573 Jose Burg
Kempland, MO 73717",4044359123352718.0
14618626,Mary Williams,33,jeannephillips@example.com,False,BASIC,30.43,2020-08-17,2020-08-18,177.9,"PSC 5190, Box 7655
APO AP 46221",675920590501.0
7928912,Lisa Conrad,34,latoya51@example.org,False,BASIC,48.12,2020-04-30,2020-05-02,129.15,"213 Luna Isle
Lake Frank, TN 44392",6565520481208727.0
6644730,Jeremy Foster,27,duncanmegan@example.net,False,BASIC,41.18,2020-06-04,2020-06-06,147.21,"303 Lucas Forges Suite 796
Williammouth, NY 61985",213181433326924.0
3090101,Sarah Davis,32,gabriel70@example.net,False,BASIC,,2020-03-06,2020-03-07,139.05,"438 Kent Inlet Apt. 154
Wilsonville, NY 12624",2720263617157457.0
3716987,Jessica Marshall,31,floreskristine@example.org,False,BASIC,17.28,2020-06-05,2020-06-06,111.73,"52701 Rivera Light
Fergusonberg, VT 94936",213137691346558.0
12505364,Dustin Vasquez,32,lydiabenjamin@example.net,False,BASIC,19.07,2020-02-12,2020-02-14,83.84,"01757 Rebecca Ville
North Jonathantown, MT 05749",4898788905645633.0
11861389,Dustin Richardson,39,gcarroll@example.com,False,BASIC,4.56,2020-05-28,2020-05-29,149.5,"722 Kristine Dam Apt. 241
East Josephport, AL 31161",676273789567.0
590675,Shannon Landry,45,jorge85@example.org,False,BASIC,3.26,2020-04-06,2020-04-07,91.28,"56383 Melinda Oval
Wallacetown, PR 16577",30251758318979.0
2279078,Dawn Aguilar,37,olsensharon@example.net,False,SUITE,48.12,2020-11-07,2020-11-08,369.04,"8545 Morgan Stream
Clairefurt, DC 46304",3554052333734007.0
6744853,Nichole West,38,dschmidt@example.org,False,DELUXE,26.15,2020-09-10,2020-09-14,256.86,"813 Leslie Square Apt. 873
Lake Stephen, NE 19558",370793160274926.0
3580390,Norman Smith,37,elizabethgutierrez@example.com,False,BASIC,4.34,2020-01-22,2020-01-25,115.49,"69915 Hernandez Trail
Port Gloria, LA 62412",6545650420881782.0
15454236,Kimberly Clark,28,sanchezangela@example.net,True,BASIC,3.24,2020-01-22,2020-01-23,241.12,"589 Smith Views Suite 291
East Adam, WA 16329",583131454139.0
1009129,Angela Clark,43,vanessaacevedo@example.org,True,SUITE,0.01,2020-01-16,2020-01-17,174.81,"9532 James Cove Suite 769
Port Rachelshire, FM 54311",376810824223794.0
5577626,Brian Mueller,32,ericalandry@example.org,False,BASIC,37.71,2020-05-14,,91.0,"007 Edward Flats Apt. 586
Lake Maria, TN 79006",213160234449739.0
10239105,Derek Meadows,35,ramossamuel@example.org,True,BASIC,0.0,2020-05-14,2020-05-15,239.75,"9006 Whitney Viaduct
Russoview, NC 60267",375585173778934.0
2603536,Courtney Hall,26,pclark@example.net,True,BASIC,0.94,2020-03-29,2020-04-01,174.83,"3628 Jessica Key
Collinsfort, MD 43974",3537216580189635.0
5312579,Mary Burns,34,hayesjeffery@example.net,True,SUITE,0.0,2020-05-17,2020-05-18,179.41,"5670 Bennett Run Apt. 065
East Jeremiah, NC 88351",344476815457673.0
16021538,Brenda Harris,33,julie49@example.com,False,SUITE,0.13,2020-10-31,2020-11-01,254.98,"906 Theresa Square
East Michele, GA 92947",6011131188860651.0
362481,Eric Sanchez,40,caitlincasey@example.com,False,BASIC,29.39,2020-11-02,2020-11-04,86.48,"979 Gary Centers Apt. 795
North Lancemouth, IA 47785",213151912586538.0
2467187,Kenneth Rivera,35,justincervantes@example.org,False,BASIC,48.12,2020-02-06,2020-02-07,103.52,"61525 Holland Track
South Kayla, DE 04657",3588187411497844.0
7801649,Benjamin Olson,38,robert27@example.com,False,DELUXE,1.93,2020-03-03,2020-03-04,118.04,"181 Smith Crest
East Aaron, WA 28307",2703857324857126.0
6767749,Teresa Blanchard,29,matthewlamb@example.com,False,BASIC,48.12,2020-05-09,2020-05-10,199.84,"2999 Banks Well Suite 341
Andrewmouth, AS 64872",379422976879261.0
13966527,Tiffany Walker,39,amoyer@example.com,False,DELUXE,0.0,2020-07-07,2020-07-08,108.71,"1388 Maria Dam Suite 130
Jonstad, NH 62994",4.811159333359428e+18
426037,Frances Hoover,33,jrobinson@example.net,False,BASIC,19.18,2020-11-05,2020-11-07,159.06,"75653 Donna Walk Apt. 422
South Matthewshire, MT 62719",6011736863192186.0
1606943,Mr. Ricky Cantrell Jr.,45,thompsonsamantha@example.org,False,BASIC,9.94,2020-09-07,2020-09-08,84.19,"6985 Donald Viaduct Suite 805
Robinsonburgh, OR 29137",4718945423105767.0
8097796,Joel Little,40,wdavidson@example.com,False,BASIC,4.15,2020-05-22,2020-05-23,109.24,"6558 Tanner Village Apt. 968
North Cristinaport, DE 40644",561921227063.0
13406666,Cynthia Alvarez,42,druiz@example.com,False,SUITE,0.06,2020-10-12,2020-10-13,238.04,"549 Phillips Dale
Strongport, NH 45080",4706301249375446.0
8807342,Sharon Anderson,32,baileyhoward@example.com,False,BASIC,20.68,2020-06-06,2020-06-07,180.71,"2423 Fisher Circles Suite 622
Taraport, KY 13532",4.936219116479032e+18
6874839,Stephanie Barnes,31,smiller@example.com,True,SUITE,0.48,2020-09-10,2020-09-11,277.28,"9690 Walker Radial
Turnerbury, NM 91430",4934978810975573.0
159921,Shannon Thompson,39,lindsey88@example.com,False,BASIC,29.4,2020-10-25,2020-10-26,90.5,"194 Carmen Gateway
Timothyhaven, AL 95173",4660493413766.0
14887294,Krista Perez,37,jmcconnell@example.com,False,BASIC,48.08,2020-09-16,2020-09-18,101.58,"51235 Rose Expressway
North Ashleyshire, DC 62199",4.225810520936184e+18
5617468,Debbie Crawford,36,kimberly45@example.org,False,BASIC,39.65,2020-06-05,2020-06-10,175.84,"55959 Williams Stream Apt. 137
Davisport, MN 21342",3533101731879728.0
8270407,Henry Garcia,39,amanda81@example.com,False,SUITE,0.56,2020-04-08,2020-04-09,185.43,"0320 Elizabeth Hills Apt. 993
New Veronica, NC 65740",3575172319380982.0
5928597,Charles Mosley,34,melissamcintosh@example.com,False,BASIC,48.12,2020-07-05,2020-07-06,192.53,"6482 Edward Mill Suite 392
Donaldsonstad, UT 45343",213174154866418.0
1932118,Valerie Conway,38,urobertson@example.net,False,DELUXE,,2020-09-12,2020-09-13,220.45,"830 Logan Springs
South Anthonychester, LA 58330",6509302003211862.0
1494140,Peter Dean,30,payala@example.com,False,BASIC,12.4,2020-01-19,2020-01-20,101.26,"662 David Key
Monicaburgh, NM 67532",4869400428622454.0
14672509,Denise Orozco,46,adamslaura@example.net,False,BASIC,13.98,2020-12-31,2021-01-01,84.88,"95517 Moreno Village
East Beverly, MA 80920",676357799581.0
8582676,Jay Phillips,34,nicholas86@example.com,False,DELUXE,,2020-12-17,,300.52,"82288 Jonathan Spring Suite 636
Griffinview, FM 37475",4864660678876.0
6558376,Troy Meza,35,kevin21@example.org,False,BASIC,,2020-09-22,2020-09-24,183.14,"57222 Mitchell Terrace Suite 248
West Vickifort, TX 23313",6011206678470318.0
12648465,Anita Brown,33,warnerkristopher@example.org,False,DELUXE,21.73,2020-11-02,2020-11-03,164.6,"640 Stewart Plain Suite 593
Darrellburgh, CA 10432",343290286388239.0
2156508,Edward Vega,28,oliviaking@example.org,False,BASIC,48.12,2020-06-15,2020-06-17,89.98,"45077 Campbell Isle
Jasonton, MN 81190",3504143295656899.0
16180767,John Williams,34,bryanphelps@example.net,False,DELUXE,30.54,2020-06-02,2020-06-03,224.2,"83827 Thomas Bypass Apt. 311
Schultzton, MD 29901",4806035081294633.0
7098190,James Mckenzie,38,michelewright@example.com,False,BASIC,9.91,2020-07-08,2020-07-09,247.91,"967 Romero Views
New Caitlin, PW 40100",676259230578.0
3758173,Kevin Morgan,32,kyledudley@example.org,False,BASIC,,2020-09-16,2020-09-17,138.94,"3459 Nichols Curve
Steeleton, FM 53127",4511999833212621.0
11878950,Ashley Higgins,43,helenwilson@example.org,False,BASIC,8.16,2020-03-03,2020-03-04,328.76,"21570 Susan Club Suite 425
Aaronmouth, IL 06934",4.205455583348785e+18
2733315,Susan Hart,30,alvarezalice@example.net,False,BASIC,1.68,2020-10-16,2020-10-17,256.2,"14946 James Square
East Michael, MH 67454",2346267975235858.0
106598,Angela Morris,45,nkelly@example.com,True,BASIC,4.51,2020-05-11,2020-05-13,116.98,"489 Cesar Drive
West Heatherchester, FL 31037",3599210317245146.0
8268532,Kendra Johnson,31,owallace@example.net,False,BASIC,25.01,2020-01-29,2020-02-01,96.03,"8467 Elizabeth Street
East Carl, SD 03656",503803922270.0
11826828,Chris Townsend,30,donaldsontina@example.com,False,BASIC,1.67,2020-06-11,2020-06-14,189.53,"USS Acevedo
FPO AA 14750",6510124741423378.0
1028004,Michael Perez,34,dmatthews@example.net,False,BASIC,34.69,2020-01-15,2020-01-16,107.03,"6643 Sean Summit
Terryville, PW 27509",4876654101681.0
6355196,Katie Mcclure,26,michelewalters@example.org,False,BASIC,21.59,2020-06-24,2020-06-25,125.93,"USS Gill
FPO AP 30816",4732021059928351.0
8421358,Brianna Marks,33,egonzales@example.com,False,BASIC,,2020-04-25,2020-04-26,163.46,"14723 John Path
Hallview, SD 81329",4276362451524402.0
15355281,Scott Sanders,40,patrick66@example.com,False,BASIC,0.24,2020-05-08,2020-05-09,141.57,"27956 Stephen Prairie Apt. 212
Port Carolynville, MH 78658",30062636984738.0
14117910,Melinda Joseph,40,lynnjohnson@example.org,False,BASIC,48.12,2020-11-23,2020-11-24,84.78,"3661 Barnes Fields
Moyerton, FM 08428",4104516199997406.0
3126590,Vincent Lewis,32,omartin@example.org,False,BASIC,3.18,2020-12-16,2020-12-17,91.14,"PSC 7293, Box 3378
APO AA 42361",4173301778596895.0
5585612,Nicholas Miller,38,meghanharrington@example.com,False,DELUXE,10.56,2020-09-25,2020-09-26,95.96,"981 Phillips Drive
South Dylanfort, LA 94288",3538912045967354.0
5067855,Alicia Oliver,34,garydavid@example.net,False,BASIC,2.84,2021-01-02,2021-01-03,135.17,"6887 Brown Wall Suite 958
West Jessicaside, WA 44167",60454946728.0
5057895,Richard Olson,37,emily36@example.com,False,BASIC,0.58,2020-04-10,2020-04-11,170.78,"7322 Stevenson Greens
Pearsonfort, IL 85695",2267076798605972.0
8621003,Michael Neal,27,shawn99@example.com,False,BASIC,11.11,2020-06-18,2020-06-19,201.71,"1898 Veronica Parkway Suite 812
West Danielborough, ND 18619",344759871943094.0
8972046,Scott Lopez,32,ihuffman@example.com,False,BASIC,34.75,2020-01-29,2020-01-30,90.7,"4042 Kelly Place Apt. 548
Rebeccaview, DC 64405",4229270440622.0
591359,Daniel Rodriguez,37,hwaller@example.com,False,DELUXE,0.04,2020-04-09,2020-04-10,120.29,"198 Owens Crossing Suite 283
Bradymouth, OH 95491",2261754397774631.0
8775454,Karen Romero,35,larsenjessica@example.com,True,SUITE,0.24,2020-04-26,2020-04-28,246.57,"39738 Cruz Road Suite 441
Destinyside, GU 24087",370209167371268.0
107302,Ann Smith,31,romanmonica@example.org,False,BASIC,6.24,2020-02-11,2020-02-12,160.32,"PSC 6782, Box 3051
APO AP 34277",374849441660832.0
9412299,Gregory Pittman,34,steven96@example.org,True,BASIC,6.64,2020-11-24,2020-11-25,90.98,"0675 Miller Junction Apt. 910
North Brenda, IL 14513",3556369499289529.0
12405501,Andrew Galvan,39,brittneyrose@example.com,False,BASIC,48.12,2020-12-27,2020-12-29,98.05,"PSC 0455, Box 6445
APO AP 35692",4.882837840579152e+18
8307051,Amy Hill,38,katherinewilson@example.com,False,BASIC,16.19,2020-11-18,2020-11-19,96.07,"3409 Douglas Rapids Apt. 194
Matthewmouth, WY 74030",4306950738314169.0
12791673,Jesse Ramirez,39,ramirezroy@example.org,False,BASIC,19.65,2020-06-03,2020-06-04,85.21,"11825 Daniel Mountain
Petersonmouth, KS 49988",3507164879674832.0
16018936,Kendra May,28,patrickangela@example.org,False,BASIC,15.57,2020-01-17,2020-01-18,104.07,"58492 Edwards Expressway Suite 938
Estradachester, AK 74266",4195133835013356.0
14557674,Jessica Harris,32,xknapp@example.com,False,DELUXE,,2020-04-09,2020-04-10,103.44,"11449 Bird Freeway
Thomasmouth, SC 07695",30539840875166.0
8421527,Alan Nelson,35,sandra49@example.org,True,DELUXE,28.46,2020-10-28,2020-10-31,135.18,"09628 Victoria Loaf Apt. 403
North Amy, AS 53133",379684855932947.0
12204194,Jimmy Tran,35,elizabeth92@example.org,False,BASIC,48.12,2020-01-22,2020-01-23,86.26,"18015 Mccarthy Garden Suite 514
Port Christophermouth, TX 92469",340031279889053.0
7535095,Leah Obrien,37,williamschristina@example.com,False,BASIC,5.73,2020-08-10,2020-08-11,192.41,"6380 Young Plain Suite 990
East Sara, NV 85238",2253245496280158.0
3460067,Joanna Davis,31,rodriguezmichael@example.net,False,BASIC,40.42,2020-04-11,2020-04-12,102.13,"28218 Matthew Crescent Apt. 658
West Meganmouth, OK 24317",4165738116380.0
12978683,Kyle Novak,40,ohenderson@example.com,False,SUITE,2.1,2020-03-24,2020-03-25,337.64,"9662 Webster Squares
Mccoymouth, KY 89847",4.950317415992255e+18
12417366,Peter Stout,28,isanchez@example.com,False,BASIC,25.91,2020-10-06,2020-10-07,168.7,"Unit 8090 Box 7443
DPO AE 80253",180059353437765.0
271163,David Pearson,43,owensdavid@example.net,False,BASIC,22.38,2020-11-12,2020-11-13,120.06,"USS Hays
FPO AP 27393",2708721577470612.0
7713265,Rachel Pacheco,30,alexanderevans@example.org,False,BASIC,24.93,2020-12-28,2020-12-30,233.62,"077 Hanson Port Suite 624
West Josephhaven, TX 40347",378780909629207.0
1106062,Gary Jackson,39,iharper@example.net,False,BASIC,48.12,2020-12-30,2021-01-01,219.84,"790 Jacob Station Apt. 170
New Franciscoton, MT 52296",5435222938635731.0
10376619,Gary Williams,39,smithhenry@example.net,False,BASIC,,2020-11-20,2020-11-21,261.97,"726 Diana Isle
Lake Thomas, KY 61607",3587241981528040.0
16314963,Maria Hall,36,amy62@example.org,False,BASIC,30.66,2020-08-10,2020-08-11,110.29,"Unit 7662 Box 2331
DPO AP 35173",2224118204647834.0
6027106,Melissa Howard,39,amanda10@example.com,False,BASIC,5.29,2020-01-19,2020-01-23,154.27,"50820 Tonya Square
Shafferton, MP 65957",4743260383022799.0
10304083,Edward Stevens,34,emilycurtis@example.org,False,BASIC,,2020-09-08,2020-09-09,201.32,"41455 Bean Avenue
Caseyborough, MD 87403",379847130136523.0
15187479,Kevin Cross,40,hernandeztheresa@example.net,False,DELUXE,23.1,2020-12-16,2020-12-17,106.34,"81197 Kyle Mountains Apt. 061
Williamstown, TX 92505",573998998369.0
4992219,Shannon Knight,35,bettyzuniga@example.org,False,BASIC,25.86,2020-06-06,2020-06-07,133.48,"42851 Patty Meadows
West Timothy, NV 14541",4346206326178.0
12999736,Cynthia Austin,33,erikfisher@example.org,False,BASIC,0.03,2020-01-28,2020-01-29,97.27,"6877 Jose Forest
Bowmanshire, MT 17339",30103175588165.0
11233363,Christopher Le,46,qcook@example.com,False,DELUXE,1.09,2020-09-02,2020-09-03,150.72,"689 Norton Grove Suite 146
New Lukebury, CA 75267",6011279118083868.0
2887950,William Goodman,38,colerobert@example.com,False,BASIC,1.84,2020-12-18,2020-12-20,110.14,"1363 Kent Drive Suite 128
Jonathanmouth, SC 65001",6554430877341301.0
8233450,Julia Wilson,36,deborah80@example.com,False,BASIC,17.86,2020-09-20,2020-09-22,141.77,"69896 Joshua Plaza
Toddborough, MT 22656",3592065350677705.0
16153385,Christopher Wilson,31,margaretperkins@example.net,False,BASIC,,2020-01-10,2020-01-11,131.0,"147 Shelley Estate
Lake Roy, MT 12777",2707086184015171.0
11787594,Carol Taylor,45,coloncatherine@example.net,False,BASIC,,2020-04-13,,96.19,"850 Cook Overpass Apt. 644
Powellmouth, TN 86806",374133372684776.0
7800733,Joshua Peters,44,nwolf@example.com,False,BASIC,18.16,2021-01-02,2021-01-03,90.38,"663 George Station Suite 346
Danielleton, IA 34698",675937540796.0
10063623,Brian Brown,34,marcusduran@example.net,True,BASIC,9.42,2020-08-14,2020-08-15,98.91,"8440 Brandon Square
Tinahaven, WY 66490",4695651621446.0
6108592,Patrick Wagner,36,bentleyamanda@example.com,False,BASIC,37.46,2020-10-08,2020-10-09,196.6,"9689 Gerald View Apt. 444
Bernardchester, AR 89039",3560828544605447.0
2640139,Deborah Wood,44,natashaanderson@example.com,False,BASIC,0.12,2020-05-19,2020-05-20,109.82,"94009 Christine Drives Apt. 262
Angelaland, WY 23967",4165914718614865.0
7985195,Brandy Dominguez,45,simmonsashley@example.org,True,BASIC,0.03,2020-12-02,2020-12-05,153.98,"8653 Tina Springs Apt. 142
New Richard, ME 14880",4343126895730431.0
284330,Joann Peterson,28,xbaker@example.org,False,BASIC,19.02,2020-09-04,2020-09-06,84.87,"879 Fitzpatrick Ridges Suite 622
Mariaberg, ID 53614",501841583252.0
7424883,Manuel Hall,38,vreynolds@example.com,False,BASIC,17.94,2020-03-23,2020-03-24,277.41,"6538 David Glen
New Katelyn, DC 47444",213161585954111.0
2803367,Terry Kennedy,36,singletonmegan@example.org,False,BASIC,4.28,2020-01-28,2020-01-29,86.25,"1736 Jesse Bridge Apt. 853
East Lauren, KY 53027",4911144625906.0
12861980,Robert Greer,38,kimberlytran@example.org,False,BASIC,1.37,2020-06-05,2020-06-07,162.59,"138 Montgomery Prairie
Hilltown, HI 60402",3561736378416857.0
1064752,Sandra Williams,42,andrea02@example.net,True,BASIC,0.0,2020-10-22,2020-10-24,113.81,"2265 Melissa Manor
Rhondaport, MD 71545",4136503239459.0
12339626,Mark Hendricks,35,sarahreed@example.org,False,BASIC,3.07,2020-02-28,2020-02-29,129.81,"004 Jonathan Brooks
Cassidyfurt, ME 67963",371499574379892.0
10984037,Elizabeth Rodriguez,32,andrew74@example.net,True,BASIC,2.83,2020-10-02,2020-10-05,217.36,"13517 Steven Streets
Thomashaven, NJ 90973",3594468926693883.0
3527226,Cindy Stewart,35,kristineschmitt@example.org,False,BASIC,25.72,2020-02-08,2020-02-12,99.44,"545 Sandra Forges Suite 227
Port Davidburgh, FM 44366",5228852604332493.0
6121318,Jeremiah Stephenson,30,wilsonpatricia@example.org,False,BASIC,38.22,2020-12-30,2020-12-31,140.83,"89017 King Brooks
North Nathanielstad, SC 23010",213164485514845.0
1514690,Christopher Owens,34,brennankathy@example.org,False,BASIC,39.63,2020-03-28,2020-03-29,150.29,"1166 Baker Forge Suite 344
Lindachester, MT 88283",4222664449563169.0
526288,Leah Hernandez,33,imcneil@example.org,False,BASIC,18.27,2020-09-08,2020-09-11,128.39,"USNV Baker
FPO AE 96644",3565259434444579.0
7671972,Jeremy Peters,33,donaldmoran@example.org,False,BASIC,48.12,2020-12-11,2020-12-12,92.3,"8475 Joe Circle Apt. 687
Lake Brittany, KY 78373",4272386193022973.0
5526334,Jacqueline Perkins,33,lonnie61@example.com,True,DELUXE,2.81,2020-04-26,2020-04-28,153.13,"3150 Tran Circles Suite 546
Lorishire, NY 26753",6573578930264949.0
3474978,Russell Wilson,40,gruiz@example.org,False,BASIC,4.57,2020-02-04,2020-02-06,101.91,"7954 Newman Underpass
Jacquelinefort, IN 76382",4.230942344076037e+18
12309884,Brad Hall,37,matthewsdavid@example.net,True,SUITE,0.04,2020-10-20,2020-10-22,242.17,"USNS Pope
FPO AA 91866",375230735255614.0
1686896,Andrew Gill,48,cbarron@example.net,False,BASIC,48.12,2021-01-01,2021-01-03,234.27,"9927 Christopher Avenue
South Tiffanytown, WV 62740",2265565303971467.0
8103986,Patrick Schwartz,33,mannrichard@example.org,False,BASIC,28.34,2020-02-09,2020-02-10,188.36,"4974 Rhonda Coves Apt. 559
Elizabethchester, AR 84322",6594053487264945.0
4007898,Jennifer Wood,39,bsmith@example.org,True,BASIC,5.65,2020-03-29,2020-03-30,92.81,"47646 Young Branch Apt. 502
Donnaview, VT 05909",6011212191673347.0
13417115,Heather Smith,27,ksweeney@example.net,False,BASIC,0.04,2020-01-08,2020-01-09,94.4,"7233 Hopkins Junctions Apt. 564
Port Ritaburgh, FL 70236",213101180794736.0
6016974,Michelle Rivera,36,denise69@example.net,True,BASIC,0.14,2020-08-13,2020-08-15,143.08,"8498 Dunn Underpass Apt. 198
Susanborough, VI 79784",2295895970401371.0
15374061,Ms. Kara Wright,36,reynoldspatrick@example.org,False,BASIC,4.28,2020-07-30,2020-07-31,97.54,"9526 Melinda Branch Suite 583
Skinnerborough, CO 09423",2675839802481300.0
12913270,Keith Lindsey,38,donald09@example.com,False,BASIC,2.44,2020-09-07,2020-09-08,133.09,"01325 Robert Crest
Christinachester, IL 52520",30310680898241.0
5603924,Mr. Bruce Beck,35,lee18@example.com,False,BASIC,37.97,2020-12-01,2020-12-03,84.71,"9852 Natalie Turnpike
Port Joyce, UT 63499",3593880924950043.0
10678102,Denise Snyder,39,thomas30@example.net,False,BASIC,14.43,2020-04-04,2020-04-05,84.43,"PSC 7335, Box 5459
APO AE 25273",4053469322429.0
11535171,Alexander Allen,33,jacksonjennifer@example.org,False,DELUXE,6.22,2020-07-11,2020-07-12,108.66,"1930 Ashley Mill
South Bryan, CO 86591",2701049189829281.0
1644726,Christina Stephens,38,james08@example.net,False,BASIC,31.2,2020-09-15,2020-09-16,158.04,"607 Miller Cove Suite 101
North Christina, AZ 73591",4424156206110.0
12988559,Jerry Potts,35,gwilson@example.net,False,BASIC,20.69,2020-08-28,2020-08-29,91.26,"58029 Hogan Overpass
Murrayview, MP 63569",676168145511.0
8143268,Arthur Jones,34,colestephen@example.org,False,BASIC,34.49,2020-07-28,2020-07-29,94.6,"02918 Cummings Islands Apt. 405
North Bethany, WI 99431",4802556185473.0
7838177,Linda Burton,36,joshuadavis@example.com,False,DELUXE,1.07,2020-10-23,2020-10-24,273.8,"35565 Beverly Tunnel
Port Ann, HI 90490",6011209263343114.0
1610914,Nicholas Meyer,33,brianarobinson@example.org,False,BASIC,48.12,2020-10-01,2020-10-02,159.52,"PSC 5212, Box 1035
APO AP 93662",4669057558529172.0
10199947,Tamara Daniels,39,ejordan@example.org,False,BASIC,36.19,2020-09-10,2020-09-14,85.68,"30428 Sheri Wall Apt. 502
East Austinbury, TX 89095",4248856335458039.0
13286081,Jackie Parker,33,ucurtis@example.org,False,BASIC,36.51,2020-08-13,2020-08-14,92.82,"474 Christina Parks Suite 890
Robertsland, NJ 72397",6545909748908077.0
6536072,Michael Parrish,33,wmills@example.com,False,BASIC,4.78,2020-07-10,2020-07-12,113.98,"31398 Rodriguez Heights Suite 829
Bradyberg, NM 46128",30593523130852.0
14991395,Elizabeth Johnson,30,taylorlewis@example.org,False,BASIC,37.04,2020-10-07,,223.45,"Unit 2102 Box 1114
DPO AE 57985",4994614390786257.0
12142849,Leroy Nelson,36,orodriguez@example.org,False,BASIC,7.49,2020-12-11,,84.86,"00923 Lopez Drive
Fullerland, MI 02985",4.5320983022123535e+18
12370654,Jaime Ortiz,28,hector56@example.com,False,DELUXE,37.67,2020-02-06,2020-02-10,216.32,"USCGC Crawford
FPO AA 55840",180082536167067.0
5142308,George Cole,36,vincenthamilton@example.net,False,BASIC,0.21,2020-01-13,2020-01-14,97.66,"9282 Stewart Burg Suite 191
West Angela, MN 16233",4991677216081297.0
10583353,Steven Tran,38,durhamamanda@example.net,False,BASIC,48.12,2020-03-11,2020-03-12,236.48,"2818 Leah Plains
Thomasberg, AS 15443",501808951849.0
1615074,Angela Davila,33,longgloria@example.net,False,BASIC,9.58,2020-02-01,2020-02-02,169.76,"1454 Annette Viaduct Suite 275
New Jasonton, RI 43430",5103768570395662.0
196291,Laura Vaughn,39,laurabarber@example.net,False,BASIC,7.47,2020-06-10,2020-06-11,120.08,"173 Evan Throughway Apt. 887
Dayburgh, VI 48475",5178978542388501.0
9519529,Regina Montoya,31,teresajones@example.com,False,BASIC,0.35,2020-12-11,2020-12-12,108.98,"10925 Max Hill
Lake Jonland, WA 79419",376095084393723.0
1398095,Barbara Green,33,omoss@example.com,False,BASIC,17.88,2020-12-17,2020-12-18,170.52,"271 Bennett Locks
Robertborough, OK 32351",4.803143669312623e+18
9482191,Francisco Powell,33,beltranelizabeth@example.com,False,BASIC,13.59,2020-08-11,,118.15,"7579 Lisa Groves Apt. 800
Randallbury, SD 73145",36434597599157.0
6515752,Mark Chandler,37,autumn41@example.com,False,SUITE,0.45,2020-12-08,2020-12-09,96.46,"32635 Sharon Track Apt. 798
Wheelerview, MO 97295",4088256997410407.0
1607814,Michael Phillips,32,rachel49@example.net,False,BASIC,21.54,2020-05-17,2020-05-19,149.26,"Unit 6783 Box 5582
DPO AA 95003",30004863730632.0
5901781,Valerie Valdez,42,feliciamedina@example.net,True,BASIC,9.4,2020-08-31,2020-09-02,116.07,"PSC 9507, Box 9129
APO AE 59047",4743934844432793.0
11375736,Veronica Mitchell,33,carpenterdonald@example.com,False,BASIC,16.04,2020-08-11,2020-08-13,216.39,"571 Long Locks Apt. 839
South Rebeccaport, AS 73927",4430687440755.0
10593053,Kimberly Peters,31,valenciacatherine@example.com,False,DELUXE,35.61,2020-07-19,2020-07-22,264.45,"4161 Stevens Stravenue
Taylorhaven, PW 61543",3538002895217603.0
1602962,Erin Williams,48,aray@example.com,False,BASIC,0.27,2020-05-01,,124.61,"18057 Knight Loop Apt. 849
Lake John, VA 41472",180091382304161.0
8799617,Toni Logan,46,jasmine35@example.com,False,BASIC,0.96,2020-09-09,2020-09-10,138.58,"39102 Boyer Unions Suite 537
Briantown, ID 19462",6525534536662399.0
15441692,Donald Richard,33,johnstonmary@example.net,False,SUITE,3.46,2020-03-01,2020-03-03,403.31,"95606 Moreno Rapids
Hernandezview, OH 41238",30195087869246.0
4684547,Dr. Jerry Bennett,44,vcrane@example.com,False,BASIC,48.12,2021-01-06,2021-01-08,122.9,"0640 Julia Fork
Lopezside, GU 96563",2270400982975816.0
16708897,Daniel Mcbride,29,xsmith@example.org,False,BASIC,11.39,2020-05-04,2020-05-05,102.63,"48757 Brown Square Apt. 726
Rushchester, WI 76222",378596955257440.0
13202704,Nancy Mcintyre,35,david04@example.com,False,BASIC,,2020-06-09,2020-06-13,101.58,"2109 Michael Valley Apt. 543
South Amandachester, OR 98698",503866349494.0
13358453,Brenda Sexton,33,kyle22@example.org,False,BASIC,20.44,2020-06-06,2020-06-07,184.18,"1845 Oneal Hill
East Nicholas, UT 72909",346337510454597.0
15029480,Marvin Rice,42,hebertaaron@example.net,False,BASIC,23.72,2020-05-27,2020-05-30,218.25,"098 Rebecca Streets
Port Larry, OK 86483",4684072556902.0
13102977,Tanner White,35,sarah11@example.net,False,DELUXE,8.86,2020-10-16,2020-10-19,136.49,"732 Teresa Extensions
Port Amberview, FL 97233",375707459364466.0
8208339,Brittney Smith,36,peterhoffman@example.com,False,BASIC,13.41,2020-06-30,2020-07-01,84.15,"254 Leslie Point
Port Dylanbury, WA 43873",3522577190229948.0
10475662,Kevin Sullivan,35,vcox@example.org,False,BASIC,32.45,2020-06-11,2020-06-12,90.89,"50793 Dylan Mountains
South Samanthaside, VT 55904",4806373811045110.0
3401537,Michael Mayo,42,denisenelson@example.com,False,BASIC,0.9,2020-11-16,2020-11-17,97.75,"54879 Frey Roads
Riceshire, DC 52874",346699090293509.0
12441847,Erin Joseph,31,mitchellvictor@example.com,True,BASIC,0.14,2020-08-16,2020-08-17,92.08,"834 Kim Junctions
Bowenhaven, CO 25233",570473041152.0
11066016,Jeffrey Franco,28,lauren41@example.com,False,BASIC,48.12,2020-11-17,2020-11-18,176.45,"0435 Charles Prairie Apt. 345
Lake Christine, CA 83984",4.832784838886168e+18
14005156,Kylie Butler,30,smithpatty@example.org,False,DELUXE,48.12,2020-09-13,2020-09-14,219.29,"351 Tiffany Route
North Caleb, FM 22975",3597493751896887.0
7694689,Kathy Miller,40,raymond78@example.org,False,BASIC,13.02,2020-02-04,2020-02-05,92.66,"6238 Kristy Corners
Kyleton, VT 92393",341573424847022.0
12234073,Kenneth Prince,33,kjones@example.org,False,BASIC,48.12,2020-07-11,2020-07-12,118.74,"359 Mendez Isle Apt. 001
Andreastad, CA 26962",2698341375098267.0
13020503,Justin Orr,37,lynnyoung@example.org,False,BASIC,46.65,2020-07-29,2020-07-30,150.86,"58634 Jeffery Flat
New Allenmouth, LA 78920",3599766956271040.0
4905355,Debra George,40,xmccarthy@example.org,False,BASIC,15.95,2020-07-15,2020-07-16,122.66,"859 Jones Pass Suite 844
Stevenland, TN 60007",502026560693.0
4107301,Nicholas Greer,27,jimmy72@example.net,False,BASIC,1.63,2020-08-22,2020-08-23,117.16,"1307 Barajas Corner
New Kathryntown, AZ 16377",4834822336325.0
5147595,Tiffany Grant,32,gregoryjarvis@example.net,False,BASIC,5.38,2020-04-25,2020-04-26,106.29,"505 Katie Place Apt. 987
New Jasminefort, IN 13358",4195643234240830.0
10879844,Peter Jones,45,hudsondavid@example.org,False,BASIC,4.0,2020-07-21,2020-07-22,106.2,"0531 Christine Parks Suite 065
West Amy, WI 96957",4.629120211823885e+18
10851358,Dana Allen,37,ljones@example.net,False,BASIC,22.06,2020-12-30,2021-01-01,84.35,"9619 Oconnor Island
South Davidstad, NY 20203",38506968748006.0
11910487,Karen Chavez,38,shawn44@example.org,False,DELUXE,0.29,2020-06-04,2020-06-05,87.08,"04108 Fernandez Dam Apt. 075
Anthonyland, IN 32676",4455602411200236.0
12618703,Ryan Haney,43,lopezsarah@example.org,False,BASIC,5.57,2020-05-31,2020-06-02,156.45,"720 Rodriguez Keys
South Jennifer, MT 23861",2235273596802468.0
5291598,Christian Williams,36,williamcurry@example.org,False,BASIC,12.26,2020-01-06,2020-01-09,106.04,"115 Jones Squares Apt. 556
Smithchester, GU 44403",60430101620.0
12463826,Kim Mitchell,39,sgray@example.net,False,BASIC,5.1,2020-06-05,2020-06-06,96.7,"921 Medina Plaza Suite 730
Lake Anthonyshire, PR 39977",377455352222641.0
13687847,Morgan Wilson,32,oconnellcatherine@example.org,False,DELUXE,2.42,2020-10-28,2020-10-30,152.19,"013 Allison Way
East Heidifurt, ND 36432",569968588776.0
8190275,Jennifer Howard,34,kellerelizabeth@example.com,False,BASIC,21.04,2020-01-18,2020-01-20,161.77,"3959 Ronald Prairie
West Georgeberg, KY 61511",3563829513411780.0
16723720,Sherry Sexton,35,zjames@example.org,False,BASIC,35.92,2020-07-12,2020-07-13,120.42,"8119 Munoz Drive Apt. 410
Shannonberg, NY 58651",36903549339946.0
4930834,Casey Perry,32,jameshenry@example.com,True,BASIC,6.32,2020-09-09,2020-09-10,85.31,"093 James Loop
South Eric, MA 77255",676153609281.0
6069627,Patricia Mitchell,30,jillianwilliams@example.net,False,BASIC,12.18,2020-10-05,2020-10-07,89.28,"14380 Jacob Harbors
Lake Kimberlyview, LA 39647",4513050012746365.0
4180,Ryan Robinson,29,beasleyjillian@example.org,False,BASIC,48.12,2020-06-14,2020-06-16,105.89,"48789 Bernard Route
North Jennifer, NM 37237",4319771870466.0
14914775,Jean Manning,39,nsaunders@example.com,False,DELUXE,31.87,2020-09-21,2020-09-24,187.27,"8205 Joseph Station Apt. 284
South Elizabeth, MO 49537",6011277193404744.0
11282259,Alexander Gillespie,36,edwin11@example.com,False,SUITE,0.37,2020-02-15,2020-02-17,340.38,"4913 Melody Brooks
West Jonathan, CA 30729",676193350417.0
6144430,Angela Murphy,35,reedjennifer@example.org,False,BASIC,33.79,2020-12-03,2020-12-04,112.86,"4578 Megan Ways Apt. 425
Patrickstad, AS 85954",4723681489199526.0
8238515,Alexis Henderson,32,ryan15@example.org,False,BASIC,6.36,2020-05-09,2020-05-10,139.14,"8252 Matthew Stravenue Suite 152
Vasquezmouth, FM 53453",4919794196457535.0
2669812,Megan Craig,36,stevenirwin@example.com,False,BASIC,34.33,2020-03-13,2020-03-18,120.4,"1603 Ross Port
North Maryland, OK 05883",4.330158031251142e+18
9883815,William Long,34,wmiller@example.net,False,BASIC,8.12,2020-08-05,2020-08-06,155.53,"3616 Smith Brooks
New Sarachester, SD 23352",4.268538854111636e+18
4856659,John Johnson,48,ashleyrivera@example.org,False,BASIC,19.27,2020-12-23,2020-12-25,84.18,"40317 Anderson Grove
Adambury, OH 90529",4806882802555879.0
15405581,Sarah Thompson,29,fadkins@example.org,False,DELUXE,0.14,2020-01-11,2020-01-12,84.15,"934 Roach Point Suite 507
Rodriguezberg, KY 78686",2221460211483933.0
13110406,Tracy Clark,38,josephwalker@example.org,False,BASIC,12.63,2020-06-06,2020-06-07,103.57,"846 Charlene Groves
South Nicolestad, GU 51879",4307426188563604.0
9306329,Bruce Bryan,41,johnathannewman@example.com,False,DELUXE,14.36,2020-02-14,2020-02-16,150.33,"075 Travis Stravenue
Lake Debbie, WI 09844",4473832070705.0
2084573,Lisa Charles,34,charlesemily@example.org,False,BASIC,28.18,2020-05-11,2020-05-12,193.87,"Unit 5140 Box 9455
DPO AA 32867",2274786697522356.0
14402922,Michael Long,34,huangpatrick@example.net,False,BASIC,22.62,2020-11-25,2020-11-27,84.03,"754 Aaron Forge
Collierberg, MN 52960",4.000295932986443e+18
11476948,Daryl Smith DDS,35,ggonzalez@example.org,False,BASIC,2.32,2020-12-14,2020-12-15,92.11,"030 Mcdonald Place Apt. 557
Cheyennemouth, OH 89449",2700745658971303.0
4317004,Sandra Fisher,42,icameron@example.org,False,BASIC,,2020-06-15,2020-06-16,84.46,"005 Graves Views
Brightside, GU 61662",344928755749055.0
7522678,John Hogan,37,allen45@example.net,False,BASIC,30.97,2020-01-30,2020-01-31,115.42,"065 Mccarthy Drive Apt. 821
New Victoria, NH 10405",180075344528900.0
4593568,Amy Phillips,36,robertpope@example.org,False,BASIC,15.7,2020-05-29,2020-05-30,258.83,"5759 Danielle Groves
Patriciaville, CA 98274",4751876963233438.0
10517700,Jennifer Yates,33,reginajohnston@example.net,True,BASIC,5.41,2020-09-26,2020-09-29,190.01,"2452 Susan Neck
Saraberg, CT 43670",4609313456885.0
8828653,Amanda Washington,30,tdaniels@example.com,False,BASIC,,2020-11-10,2020-11-11,154.56,"70056 Stewart Rue Apt. 274
South Davidville, NC 41739",180026259373741.0
10469397,Tina Ryan,37,kristenmassey@example.com,False,BASIC,,2020-11-20,2020-11-21,104.21,"058 Donna Forest
Barrettstad, DC 38677",180095328267481.0
6967078,Jacob Davis,31,batestimothy@example.org,False,BASIC,6.65,2020-06-25,2020-06-26,105.27,"0726 Ferguson Crest Apt. 219
Amyview, WI 04943",4557280160412.0
3329897,Tina Hernandez,37,abigailmata@example.org,False,BASIC,33.96,2020-06-07,2020-06-08,130.09,"127 William Parkway
North Donaldstad, IN 37370",343664344064059.0
11446898,Karen Francis,32,blairjaime@example.net,False,DELUXE,48.1,2020-08-04,2020-08-05,198.77,"459 Stewart Valley
North Stephen, GA 04236",2221719371438825.0
10645106,Joshua Palmer,34,karensullivan@example.net,False,BASIC,8.69,2020-11-24,2020-11-25,92.62,"Unit 3220 Box 6085
DPO AP 56069",4.3241184573798666e+18
3376978,Tammy Benson,31,qrodriguez@example.org,False,DELUXE,8.37,2020-06-07,2020-06-08,389.17,"2498 Richard Grove Apt. 509
Brittanymouth, SD 54051",3502420318434633.0
9082823,Jose Wang,32,muellerdaniel@example.net,False,SUITE,0.63,2020-11-13,2020-11-14,137.07,"62440 Kaitlyn Mountain Apt. 360
New Nancyburgh, CT 02440",3574338126612245.0
2230641,Dana Maldonado,40,matthewrogers@example.org,False,BASIC,11.68,2020-08-16,2020-08-17,126.07,"84987 Jacob Fields
South Crystal, MN 35610",676382086582.0
4739552,Daniel Cruz,34,prios@example.org,False,BASIC,48.12,2020-06-02,2020-06-04,100.22,"8085 Maria Burg Suite 705
Matthewsburgh, OR 89351",4427490120244.0
9366586,Trevor Jenkins,31,glenn22@example.com,False,BASIC,3.75,2020-02-12,2020-02-14,105.07,"7892 Victoria Lock Suite 397
Emilychester, NH 81383",4915136992659696.0
4485054,Megan Brown,38,ingramemily@example.net,False,BASIC,5.58,2020-02-07,2020-02-08,101.97,"3186 Bridges Pass Suite 958
Callahanland, MT 60127",3580303246379887.0
2289986,Jacob Parker,34,stephanie76@example.org,False,BASIC,2.43,2020-07-21,2020-07-22,168.5,"5064 Carter Forge
Sharonstad, IL 08635",4.948431110293285e+18
12966224,Judy Walter,38,lewisamanda@example.org,True,DELUXE,6.79,2020-11-23,2020-11-27,164.72,"82356 Jonathan Station
Port Ericaberg, WV 37556",213142906155711.0
9489741,Kimberly Ortiz,36,allison28@example.net,False,BASIC,0.36,2020-02-10,2020-02-11,91.21,"39843 Burke Greens
Josephmouth, WI 24801",377140454096883.0
6151281,Jessica Ball,35,robertmills@example.net,False,BASIC,31.78,2020-03-08,2020-03-09,154.6,"4075 Palmer Pass
South Peter, NH 59121",2374374846590118.0
14507614,Christian Lewis,36,robleswillie@example.com,False,BASIC,29.85,2020-04-09,2020-04-10,108.19,"28274 Kevin Divide Suite 527
Nicholsberg, MI 74155",180032026774617.0
8377462,Joseph Barnett,39,spencejohn@example.org,False,BASIC,9.64,2020-04-19,2020-04-20,97.58,"29559 Moran Meadow
Melaniemouth, KY 17413",3588376845582384.0
12103022,Laura Martin,30,lisa61@example.com,False,BASIC,14.45,2020-01-08,2020-01-10,204.7,"659 Brett Shoals Suite 282
North Brookefurt, CA 96543",501811425617.0
9384554,Shane Morgan,30,oscar50@example.org,False,BASIC,25.23,2020-04-18,2020-04-19,85.15,"5120 Jennifer Spur Suite 514
Elizabethhaven, VA 57185",370525445813726.0
6372465,Aaron Peters,30,martinsamuel@example.org,False,BASIC,46.03,2020-05-25,2020-05-26,97.85,"92192 Beck Courts Suite 760
Robinsonside, GA 65170",213114993819533.0
1718607,Dr. Philip Hancock,31,grantdeborah@example.com,False,BASIC,21.86,2020-07-13,2020-07-14,227.55,"28990 William Skyway
Port Elizabeth, SC 40023",30142576817682.0
8918048,James Kelly,39,jeffrey21@example.org,False,DELUXE,8.44,2020-02-11,2020-02-12,139.41,"03840 Franklin Brooks
New Kristinaton, GU 41875",4777416567012340.0
6202265,Jennifer Simpson,33,murraymelissa@example.com,False,BASIC,15.13,2020-09-08,2020-09-10,84.98,"5151 Salazar Viaduct Suite 058
East Vanessafort, TX 65906",562740503106.0
6345357,Brandon Carr,37,andrewgeorge@example.net,True,BASIC,11.54,2021-01-04,2021-01-05,138.39,"60196 Walker Causeway Suite 213
North Stacymouth, KS 32144",180067555733295.0
497022,William Lee,39,aadams@example.com,False,BASIC,6.18,2020-08-07,2020-08-09,200.8,"USNS Davidson
FPO AP 94664",4572874083698.0
14914618,Jonathan Walker,29,dwilliams@example.net,False,BASIC,,2020-11-11,2020-11-12,186.72,"794 Calvin Plain
Port Jonathan, MA 85636",213114119255976.0
16318500,Wesley Payne,33,johnsonbenjamin@example.net,False,BASIC,5.9,2021-01-05,2021-01-09,108.61,"USNV Waller
FPO AP 68193",4162865982312383.0
8734174,Debbie Lopez,39,jessicawright@example.com,False,SUITE,37.74,2020-04-14,2020-04-15,107.62,"740 Kevin Heights
Port Tamaraberg, NV 62190",180056064184090.0
7361347,Dennis Garner,37,johnsonmary@example.net,False,DELUXE,0.75,2020-03-28,2020-03-31,140.88,"717 Ramirez Crest Apt. 738
West Michaelport, MP 73481",4446486905624.0
7821482,Tyler Santos,33,melissawilliams@example.net,False,DELUXE,0.02,2020-05-17,2020-05-18,115.87,"85518 Corey Hill Apt. 981
West Andrewfort, NH 42702",346831822383825.0
10161185,Megan Armstrong,35,mackcrystal@example.net,False,BASIC,0.0,2020-02-26,2020-02-27,114.63,"346 Rebecca Stravenue
Lake Taylorfort, DE 68283",38495477216426.0
2485479,Jason Romero,32,daniel67@example.net,False,DELUXE,24.94,2020-10-20,2020-10-22,119.47,"22276 Smith Shores
South James, MS 07170",4209230886684.0
565366,Lisa Chavez,37,lisa72@example.org,False,BASIC,0.4,2020-01-26,2020-01-27,88.24,"09909 Rose Ports
Lisaberg, KS 87389",213153725183180.0
12723275,Jonathan Gray,31,orrsusan@example.org,False,BASIC,12.15,2020-10-27,2020-10-28,97.94,"26864 Reyes Shore Suite 503
Lake Markport, MA 59014",4.69325788246578e+18
10717549,Robert Kelly,36,bryanwong@example.com,False,BASIC,17.78,2020-12-16,2020-12-17,262.49,"212 Janice Spring Suite 873
New Evan, DC 37599",30375068148964.0
14098384,Francisco Charles,36,browntiffany@example.net,False,BASIC,6.88,2020-04-10,2020-04-11,97.34,"338 Wendy Fork
Ramosland, GU 75992",6011723207490021.0
7007530,Christopher Bauer,33,jason33@example.org,True,BASIC,0.04,2020-01-14,2020-01-15,119.67,"USNV Juarez
FPO AP 54875",6011394377381745.0
7870418,Robert Mason,30,rachel98@example.com,False,DELUXE,5.7,2020-08-14,2020-08-15,285.05,"Unit 2276 Box 3504
DPO AA 05306",4366756331431178.0
5273479,Isaac Kemp,30,john87@example.com,False,BASIC,4.61,2020-07-15,2020-07-16,140.32,"415 Rogers Ports
Lake Kristina, FM 51757",4823624900693.0
14767998,Lori Martin,40,xkelley@example.net,False,BASIC,23.48,2020-05-12,,254.04,"990 Smith Coves Suite 214
Port Brandibury, CT 35606",30052570410899.0
5260049,Rhonda Hill,47,paynescott@example.net,False,BASIC,48.12,2020-02-20,2020-02-21,112.86,"61103 Bowman Fork Suite 275
North Michealchester, TN 34915",341462552090482.0
5020909,Mr. Jeffrey Young,42,whiteanne@example.net,False,BASIC,0.75,2020-10-28,2020-10-29,90.76,"76290 Marquez Grove Apt. 105
Watersport, MA 21841",30340007331030.0
11386974,Sandra Martinez,35,oglass@example.net,False,BASIC,7.35,2020-10-19,2020-10-20,93.61,"PSC 8119, Box 1341
APO AP 20384",180077738645316.0
11652039,Heather Lambert,38,maria89@example.net,True,BASIC,0.01,2020-01-24,2020-01-27,112.39,"32098 David Mews Apt. 138
Nicoleshire, FM 23917",348579520629290.0
10286232,Patricia Stevenson,31,dennisbennett@example.net,False,BASIC,34.85,2020-03-02,2020-03-03,236.62,"70837 Murphy Harbor Apt. 980
Tylerfort, RI 85196",4281501073132218.0
15159750,Jean Butler,40,gwalton@example.com,False,BASIC,15.15,2020-05-02,2020-05-04,203.05,"25450 Daniel Wells Apt. 430
North Justinchester, NE 52380",30579645493625.0
10103880,Jessica Reed,37,amy89@example.com,False,DELUXE,29.99,2020-10-16,2020-10-17,181.07,"40632 Matthew Flats
Evansberg, RI 75001",30441712759315.0
954142,Jason Keith,41,ugates@example.net,False,DELUXE,44.03,2020-06-28,2020-06-29,89.4,"5563 Davis Springs
New Grace, AK 72574",503865728920.0
16265159,Katherine Stuart,34,kenneth17@example.org,False,BASIC,24.86,2020-09-26,2020-09-27,133.6,"8595 Daugherty Knolls Apt. 474
Jonesfurt, NV 07669",4382214832777830.0
14049408,Michael Lopez,44,timothyhansen@example.net,False,BASIC,48.12,2020-07-17,2020-07-22,103.0,"1155 Michael Plaza
Lake Hannah, MA 71002",6566446998794885.0
9470524,Robert Peterson,38,edickerson@example.org,False,DELUXE,1.84,2020-07-07,2020-07-08,102.27,"5320 Alexander Light Apt. 471
Port Kenneth, KY 27736",4458445928427794.0
5011285,Katherine Hall,30,kennethlara@example.net,False,BASIC,,2020-05-03,2020-05-04,96.73,"4350 Bryan Rapid
Toddport, AZ 70704",3504127816357715.0
9434867,Marie Dunn,34,robert41@example.net,False,BASIC,3.81,2020-09-23,2020-09-24,94.87,"44402 Luna Greens
Port Miranda, IN 87179",2240119892350145.0
5322482,Troy Conner,44,david65@example.org,False,SUITE,0.76,2020-06-23,2020-06-24,129.82,"0505 Kristin Crossing Apt. 761
Ruizport, PR 41933",213170807130848.0
12437097,Jennifer Neal,38,jaclyn28@example.com,False,DELUXE,21.57,2020-08-29,2020-08-30,166.51,"45339 Hanson Pine Apt. 295
Port Michael, ME 41963",6011648514581602.0
3311108,Ryan Jackson,44,owright@example.com,False,BASIC,43.46,2020-09-12,2020-09-13,105.66,"621 Joshua Forks Suite 128
North Adammouth, SD 64236",3529973559751593.0
4847261,Brad Bowers,41,johnsonsteven@example.net,False,BASIC,7.38,2020-05-09,2020-05-10,87.69,"331 Wayne Expressway Apt. 537
Gregoryborough, MS 41509",6011298209891617.0
4771524,Beth Mckenzie,39,jill26@example.org,False,BASIC,9.6,2020-06-18,2020-06-22,87.86,"30145 Mcpherson Stream
Martinezfurt, NY 08630",371813968314424.0
6308456,Linda Herrera,37,diaztheresa@example.net,False,BASIC,0.69,2020-04-25,2020-04-26,102.54,"USNV Hayes
FPO AA 26807",3539631655842967.0
11006425,Valerie Lynch,33,ahall@example.com,False,BASIC,0.35,2020-03-11,2020-03-12,118.41,"USNV Martin
FPO AE 25231",502089690346.0
12491192,Lori Hanson,41,ysmith@example.com,False,BASIC,12.4,2020-07-09,2020-07-10,194.38,"03905 Eric Hollow Suite 832
Wagnerfort, GU 20441",4881883592395.0
7051342,Luis Smith,32,montoyarobert@example.com,False,DELUXE,10.94,2020-07-07,2020-07-08,201.27,"4852 Roberts Manors
Joneschester, GU 53410",6525270657077550.0
7820574,Zachary Silva,40,julia69@example.net,False,BASIC,10.86,2020-09-20,2020-09-21,117.92,"805 Kelly Grove Suite 865
Ryanville, WI 43130",4101390390145303.0
15231451,Felicia Kerr,43,scottbrandon@example.com,False,BASIC,48.12,2020-04-09,2020-04-10,134.12,"95617 Amanda Locks
Wilsonmouth, MA 42447",676170728064.0
8990266,Ashley Williams,37,gmeyers@example.org,False,BASIC,33.72,2020-10-12,2020-10-15,201.24,"99623 Alvarado Cliffs Apt. 595
Port Bobby, NE 85524",675980780810.0
2629850,Brandon Russell DDS,28,mooneypatty@example.org,False,BASIC,20.69,2020-09-19,2020-09-20,108.32,"2615 Courtney Radial Apt. 552
Port Douglas, MP 18478",6011850138515012.0
8585346,Austin Cummings,43,jessica33@example.org,False,BASIC,3.06,2020-02-14,2020-02-15,83.93,"PSC 0836, Box 0378
APO AP 49860",4517482258216.0
1251944,Michael Harper,36,john29@example.net,False,BASIC,0.08,2020-03-16,2020-03-17,85.11,"837 Billy Flat Apt. 683
Joshuatown, CO 97657",2228102858138338.0
10576746,Darlene Hicks,37,tyang@example.org,False,DELUXE,5.11,2020-06-15,2020-06-16,275.96,"2420 Leon Islands Apt. 844
Heathfurt, NJ 31463",3553397743237898.0
14981254,Stacy Smith,37,mendezscott@example.org,False,BASIC,15.3,2020-09-21,,87.05,"228 Kirk Springs
Whiteport, MH 54900",4193304141520127.0
4295071,Veronica Moore,28,tylerwilliams@example.org,False,BASIC,3.15,2020-10-07,2020-10-09,222.43,"14973 Danny Row Suite 645
South Kelly, VI 37511",6520541935530577.0
5693844,Shawn Gilbert,30,mcknightstephanie@example.net,True,BASIC,7.88,2020-03-01,2020-03-02,140.43,"78039 Joseph Forges
East Peterburgh, WI 93844",4634149460394498.0
8415256,Julia Hopkins,36,mmiller@example.com,False,BASIC,15.79,2020-02-06,2020-02-07,131.58,"80849 Hahn Union Apt. 570
Lake Robin, NJ 87304",676364925070.0
1752459,Donald Schmidt,32,campbellaaron@example.com,False,DELUXE,11.54,2020-07-31,2020-08-02,166.76,"792 Amy View
Vincentport, ND 56375",180094677138674.0
8791730,Julie Thomas,27,creid@example.org,False,BASIC,7.46,2020-10-19,2020-10-21,157.65,"90791 Eric Neck
Port Bradley, AR 09329",3506943160093781.0
2019971,Jennifer Adams,40,ilewis@example.org,False,DELUXE,,2020-09-20,2020-09-22,157.36,"Unit 3224 Box 2658
DPO AA 06392",4780378235356373.0
12133694,Kyle Smith,34,johnsilva@example.org,False,BASIC,0.89,2020-02-26,2020-02-27,86.96,"04891 Cochran Springs Suite 605
Lindabury, NY 87804",372973997373608.0
16750024,Suzanne Kelley,27,calderonallen@example.net,False,BASIC,33.43,2020-08-29,2020-08-30,147.68,"13470 Freeman Roads Apt. 933
North Jennifer, WI 55570",4760936484438194.0
9309067,Mark Allen,33,qwebster@example.net,False,BASIC,4.61,2020-06-10,2020-06-11,147.71,"92711 Skinner Vista Apt. 004
North Kelly, ME 38822",4088285439140140.0
4334506,Anna Farrell,31,espinozaricky@example.net,False,BASIC,,2020-09-16,2020-09-19,159.28,"2472 Kidd Radial
Heidiburgh, MD 42941",180066478447504.0
13406247,Brent Mccall,34,sheltonkyle@example.net,False,DELUXE,7.6,2020-08-10,2020-08-11,106.68,"205 Timothy Islands
Port Heather, VA 77795",180045392004641.0
1794392,Chase Gonzales,38,jsmith@example.org,False,SUITE,8.78,2020-08-17,2020-08-19,253.98,"7644 Megan Dale
Karenville, NC 56552",347907986324091.0
2774051,Jacob Peterson,36,andrewhill@example.net,False,BASIC,18.23,2020-02-21,2020-02-22,126.94,"4216 Emily Estates Suite 948
Port Nicholas, OH 41723",4789708872891723.0
6972114,Logan Gilbert,36,gosborn@example.com,False,DELUXE,20.1,2020-09-08,2020-09-09,158.99,"149 Jenkins Ferry
Angelaburgh, SD 39275",4627358653960960.0
2151276,Jamie Fisher,41,edward52@example.org,False,BASIC,3.57,2020-01-22,2020-01-23,180.3,"29657 Jessica Orchard Apt. 919
North Greggside, AR 22437",567611783083.0
9682796,Veronica Mcfarland,38,simpsonwilliam@example.org,False,DELUXE,2.22,2020-09-04,2020-09-06,226.89,"USNS Knight
FPO AE 98187",343995739767587.0
6201724,Michelle Moss,38,castillomaria@example.com,True,BASIC,0.01,2020-05-07,2020-05-09,89.68,"5744 Summers Rue
Marctown, GA 43494",4773634311946.0
3551443,Lori Zhang,34,sandrachavez@example.net,False,DELUXE,0.22,2020-01-09,2020-01-13,138.89,"Unit 3266 Box 5165
DPO AE 96540",676316828422.0
1929145,Tracy Hughes,33,rosariodan@example.net,False,SUITE,19.87,2020-08-14,2020-08-15,175.86,"759 Wanda Mission Apt. 190
West Justin, ME 60826",4667810193449624.0
14116547,Desiree Edwards,30,gomezelizabeth@example.org,False,BASIC,,2020-12-21,2020-12-22,161.31,"14131 Brown Ports Suite 730
East Danielmouth, OH 04076",3598411943933888.0
15033432,Joseph Russo,37,warrenpatricia@example.org,False,BASIC,38.6,2020-02-22,2020-02-23,306.59,"312 Melinda Mills Apt. 648
Lake Angelaland, ND 04054",4503328749532056.0
9360221,Scott Reyes,34,ycabrera@example.net,False,BASIC,48.12,2020-03-30,2020-03-31,88.55,"9632 Mcdaniel Trafficway Apt. 046
Pittmanberg, PR 14794",4088549737301328.0
7700052,William Tyler,35,heidi58@example.com,False,BASIC,1.6,2020-02-23,2020-02-24,102.45,"915 Jenna Via
Walkerfurt, PR 94184",374943390352143.0
9265147,Bryan Lopez,27,cbruce@example.com,False,BASIC,25.34,2020-12-27,2020-12-28,235.35,"561 Sophia Dale Apt. 994
New Jason, IN 13137",30530742893001.0
16085753,Kurt Norris,36,ogarcia@example.net,False,BASIC,36.33,2020-03-06,2020-03-10,232.65,"31840 Taylor Trail Apt. 414
Burchland, MA 71046",379055690423295.0
7929907,Corey Gonzalez,32,brendabarrett@example.com,False,BASIC,16.48,2020-08-29,2020-09-01,86.74,"9222 Cole Bridge Apt. 249
New Mollybury, AZ 49167",2716115529712850.0
2921065,Chelsea Lindsey,29,jamie94@example.com,False,BASIC,4.64,2020-04-14,2020-04-15,128.39,"826 Kayla Crossroad
New Michael, GU 15528",30530115221160.0
9683490,Melissa Reed,41,ballardcourtney@example.com,False,BASIC,14.06,2020-08-01,2020-08-03,150.1,"183 Teresa Port
Taylorport, MI 14920",5183231630823952.0
3333259,Alexander Harrison,31,kennedybryan@example.org,False,BASIC,1.53,2020-12-14,2020-12-15,135.91,"619 Renee Point Apt. 408
Joneshaven, VT 36214",378412770250398.0
4395602,James Robertson,39,lcarey@example.org,False,BASIC,10.8,2020-06-30,2020-07-02,100.64,"0239 Wilson Burgs
Hubbardfurt, AZ 56243",2269467485351079.0
10367346,Heather Davis,36,ggregory@example.com,False,BASIC,9.67,2020-08-30,2020-09-03,104.74,"887 Moore Route
Kimberlytown, DE 67868",30019757974385.0
13805903,Richard Powell,36,nmarquez@example.net,False,BASIC,15.2,2020-10-26,2020-10-27,129.73,"Unit 2587 Box 6572
DPO AE 37615",2223993392873744.0
8137843,Nancy Garrett,34,david32@example.org,False,BASIC,38.23,2020-09-06,2020-09-07,117.74,"USNS Stark
FPO AE 40238",6011191608906484.0
9675076,Michael Miller,37,ule@example.org,False,DELUXE,10.3,2020-11-25,2020-11-26,196.16,"Unit 1475 Box 0359
DPO AA 72533",4122087616357382.0
3446086,Kelly Warner,31,osborncaleb@example.org,False,SUITE,8.5,2020-12-17,2020-12-18,280.02,"631 Williams Camp Apt. 555
Lake Randall, OH 98809",502022920933.0
6331147,Melinda Black,33,julie49@example.net,False,DELUXE,0.22,2021-01-01,2021-01-03,113.29,"0640 Gilmore Village Suite 572
Brittanyport, KS 22306",4693142096563147.0
12966000,Dennis Thomas,30,michaelmitchell@example.net,False,BASIC,,2020-11-07,2020-11-08,87.49,"764 Henry Parkways
East Cherylville, NE 53360",4.836118082099941e+18
4712665,Christina Reynolds,37,ztodd@example.com,False,DELUXE,0.07,2020-12-04,2020-12-05,147.69,"5423 Watson Highway
South Michellemouth, DE 19338",4.202873238826274e+18
12520337,Nicole Jones,40,bryancooper@example.org,False,BASIC,48.12,2020-02-29,2020-03-01,102.6,"2507 Martin Street
Gregoryhaven, IA 05610",30005799006625.0
14591287,Jacob Prince,39,dtaylor@example.org,False,BASIC,,2020-05-02,2020-05-05,100.9,"PSC 5486, Box 8505
APO AA 41648",30583519389158.0
10673893,Kathleen Miller,32,goodwinwayne@example.com,False,BASIC,8.1,2020-11-26,2020-11-27,167.84,"Unit 1282 Box 4625
DPO AA 07224",347892492946316.0
555564,Dr. Richard West,34,selena47@example.com,False,DELUXE,,2020-12-14,2020-12-15,244.72,"585 Diane Walks
Elizabethfort, VT 92023",4068321508163.0
14961761,Jacob Flores,36,chughes@example.net,False,BASIC,4.01,2020-08-06,2020-08-07,94.22,"853 West Road
Sarahton, SD 87074",4438597462316224.0
16776077,Kyle King,36,justinwilson@example.org,False,DELUXE,32.36,2020-03-18,2020-03-19,131.28,"76226 Thomas Trail
Lake Jeffrey, TX 55397",60407121585.0
4140022,Daniel Mercer,36,joseph37@example.org,False,DELUXE,34.5,2020-04-03,2020-04-04,97.38,"21605 Martinez Forks
West Nicoleberg, WV 52830",503870413369.0
1582869,Charles Stark,28,tespinoza@example.com,False,SUITE,0.53,2020-09-01,2020-09-02,174.59,"7763 Stewart Center Suite 392
Lake Ericstad, DC 49260",3534065286045630.0
2677069,Amy Barajas,38,xcole@example.com,False,BASIC,0.42,2020-10-23,,210.6,"33285 David Coves
West Maurice, KS 33930",213175209495335.0
8927335,Jeremy Wright,33,timothyfigueroa@example.com,False,BASIC,39.3,2020-04-22,2020-04-25,87.13,"Unit 9983 Box 2169
DPO AE 24461",3569232571305628.0
12718345,Jessica Garcia,33,qosborne@example.com,False,BASIC,26.98,2020-01-10,2020-01-11,197.82,"083 Rodriguez Light Apt. 250
North Thomas, OH 45472",4776378800183687.0
2888639,Jill Reynolds,37,greeneerik@example.org,False,BASIC,33.9,2020-03-06,2020-03-07,139.79,"9736 Amber Highway Apt. 783
Davisfort, MS 44092",4.856017767220901e+18
5166092,Samantha Huynh,39,sperkins@example.org,False,BASIC,43.78,2020-08-11,2020-08-12,133.55,"59044 Andrew Vista Apt. 544
Lake Tammy, CT 63806",502086457939.0
10598270,Sandra Ruiz,36,anthonyrebecca@example.net,False,BASIC,0.6,2020-05-12,2020-05-13,131.93,"80054 George Causeway
Gloriafurt, WV 08454",4828786694326758.0
790744,Ashley Paul,38,murrayjavier@example.org,False,DELUXE,47.37,2020-12-22,2020-12-24,155.53,"269 Hughes Forks
Ericberg, SC 62798",3550483256277431.0
3043788,Sophia Parker,38,xschneider@example.org,True,BASIC,1.15,2020-01-26,2020-01-27,269.59,"2706 Tammy Trace
Port Thomas, MH 16866",30208478385431.0
5617167,Abigail Mendez,31,vlee@example.org,False,BASIC,17.1,2020-12-10,2020-12-11,96.59,"25706 Cynthia Squares
South Jasonmouth, RI 95309",4275290276181.0
12911330,Jennifer Ward,41,charles30@example.org,False,BASIC,2.44,2020-02-21,2020-02-23,85.56,"582 Amy Spur Suite 461
Lake Lauren, MS 31004",4736150773972555.0
7397297,Timothy Jackson,46,rstephens@example.net,False,DELUXE,20.83,2020-07-27,2020-07-28,109.25,"5454 Huynh Tunnel
New Davidton, VI 82729",3587602119355418.0
891387,Katie Hendrix,43,ejones@example.net,False,BASIC,,2020-12-25,2020-12-27,90.33,"80841 Larry Falls
West Kiara, GU 17084",6594515235628233.0
2871708,Laurie Vargas MD,36,radams@example.com,False,BASIC,11.98,2020-07-07,2020-07-08,170.73,"040 Sharon Spurs Apt. 873
Ballbury, UT 52934",4155315508232.0
15876706,Jeffrey Weeks,30,rpage@example.net,False,BASIC,24.37,2020-06-09,2020-06-10,172.13,"1964 Christopher Lodge Suite 319
Davidburgh, RI 92342",4575951551232425.0
15345004,Adam Jordan,27,ilopez@example.com,False,BASIC,2.19,2020-04-11,2020-04-12,175.57,"5968 Amy Turnpike
South Amandastad, LA 53726",4.4630226654590305e+18
9525418,Candace Pearson,34,walkerallen@example.com,True,BASIC,0.06,2020-10-09,,103.58,"72880 Bennett Crossroad
Lake Johnville, IN 63901",4865318966100.0
11834486,Jose Thompson,30,michaelharris@example.org,False,BASIC,10.46,2020-02-07,2020-02-08,171.19,"5494 Willis Roads
Snowbury, TX 49337",4.1890672173900733e+18
10062615,Anthony Sanchez,31,elizabethcoleman@example.com,False,BASIC,1.55,2020-08-18,2020-08-19,131.38,"5027 William Crossroad Suite 138
East Staciefurt, CA 70402",4782576237282.0
8737881,Michael Cooke,38,ccollins@example.com,False,BASIC,44.24,2020-09-21,2020-09-22,222.96,"PSC 7522, Box 7091
APO AP 10980",213130697122289.0
11111258,Ryan Knight,26,nicole57@example.net,False,BASIC,5.75,2020-02-17,2020-02-18,112.94,"79527 Frank Ridge
Ianfurt, TN 66333",180035783031055.0
1115014,Makayla King,43,tracy60@example.com,False,SUITE,5.29,2020-11-11,2020-11-12,226.92,"703 Brandon Cliff
Tamaraport, TX 20748",4844622337283322.0
1992058,Anna Moore,36,ashleycurry@example.org,True,BASIC,,2020-10-15,2020-10-16,160.41,"66258 Dylan Well
Grayburgh, IL 36264",30239961484852.0
10330242,Albert Mcdaniel,34,michael95@example.net,False,BASIC,4.28,2020-10-20,2020-10-21,103.69,"7736 Mayer Manor
Moodyfurt, NM 04214",4788315115556.0
271443,Christopher Calderon,42,perrymichael@example.com,False,BASIC,6.37,2020-11-02,2020-11-03,287.04,"7323 Allen Shore Apt. 298
East Meganshire, PW 12998",2452011601746320.0
3913430,Allison Price,34,ashleymccall@example.com,False,BASIC,5.99,2020-01-12,2020-01-13,161.39,"806 Elizabeth Skyway
North Jesusville, NC 51148",4938901299022879.0
1257463,Lori Welch,31,candice62@example.net,False,BASIC,2.91,2020-02-02,2020-02-03,136.03,"Unit 9816 Box 1387
DPO AE 42172",3544876546310608.0
15168169,Andrew Fields,32,nealbailey@example.org,False,DELUXE,37.32,2020-11-12,2020-11-13,90.99,"181 Mary Knolls
Lake Stephaniechester, NM 56661",2260691234367784.0
4151418,Jonathan Lowe,48,owensjoseph@example.com,False,BASIC,12.09,2020-12-04,2020-12-05,89.98,"98723 Lydia Springs Apt. 912
Baldwinport, TN 46119",4271883290150.0
1078433,Juan Hood,35,gloria15@example.org,False,BASIC,3.48,2020-10-24,2020-10-25,100.47,"80579 Brown Stream
North Tammy, MD 31110",6505887826205574.0
6288480,Elizabeth Huang,40,josephrichardson@example.com,False,BASIC,1.4,2020-03-30,2020-03-31,177.22,"70400 Kelley Estate
Jennifershire, NV 16951",4243570097961719.0
11502374,George Richard,41,blairsteven@example.com,False,BASIC,33.05,2020-07-19,2020-07-20,283.04,"20669 Brenda Turnpike Suite 428
Jesseberg, MI 18500",2720392847515976.0
16257410,Amy Shaw,27,khancock@example.com,False,BASIC,47.96,2020-08-26,2020-08-27,309.36,"73072 Charles Knolls
South Elizabethstad, NH 77995",4322780710423146.0
12206880,David Robbins,37,zgreen@example.net,False,BASIC,40.45,2020-08-16,2020-08-19,112.65,"50458 Dave Meadow
Carpenterton, NC 81121",346616164427938.0
5412471,Cynthia Miller,34,jonesashley@example.net,True,DELUXE,0.02,2020-02-07,2020-02-08,241.55,"4015 Knight Bypass Suite 713
Orrville, AL 59182",180031038306426.0
2740180,Kristopher Olson,30,williamwilson@example.org,False,SUITE,15.52,2020-09-18,2020-09-20,320.98,"6440 Joseph Hills Suite 830
Port Gregory, IN 82997",213111808621641.0
8033023,Cory Miller,34,sherrycook@example.org,False,BASIC,48.12,2020-06-11,2020-06-12,196.03,"9592 Jones Extensions Apt. 621
West Douglas, NM 15025",4929762061726993.0
8425877,Jennifer Wilson,38,victorreese@example.com,False,BASIC,3.2,2020-04-29,2020-04-30,119.88,"648 Thomas Loaf
Jonathanville, MI 04021",30376763406665.0
10322255,Kelly Hopkins,39,jenniferbarrett@example.com,False,BASIC,3.19,2020-06-17,2020-06-19,133.31,"439 Wilson Crest Suite 512
Liside, GU 99432",2439994912629699.0
13060196,Richard Gonzales,35,stephenaustin@example.org,False,BASIC,6.53,2020-09-26,,95.38,"580 Billy Field
Zacharyborough, NC 35132",3503948565787070.0
6428298,Jennifer Miller,39,oliverjessica@example.net,False,BASIC,8.45,2020-03-11,2020-03-12,103.74,"117 Bass Drive Suite 098
Jennachester, MS 53146",6596303155888840.0
8847416,Lauren Pollard,30,evanskelly@example.org,False,BASIC,48.12,2020-12-25,2020-12-26,112.93,"Unit 0339 Box 1392
DPO AE 92143",4787068550441800.0
15179502,Joshua Jackson,33,rhodesjames@example.org,False,BASIC,3.44,2020-09-11,2020-09-12,94.74,"21587 Todd Orchard
Port Kevintown, KS 48865",6513440329217777.0
327308,Johnny Hunt,33,vsutton@example.net,False,SUITE,18.44,2020-12-21,2020-12-22,386.86,"39689 Martha Gateway
Lake Jason, NV 27848",4067203750109.0
10243321,Angel Woods,39,ebruce@example.net,False,SUITE,10.07,2020-07-18,2020-07-21,141.24,"9904 Diane Ville
Jonathonview, ND 29732",6526874517598108.0
2805151,Carl Houston,34,kendra08@example.com,False,BASIC,,2020-12-30,2020-12-31,96.34,"46330 Jessica Estate Suite 054
West Andrewstad, NE 11939",346285285674743.0
1400208,Michael Bryant,42,williamsmichelle@example.net,False,BASIC,48.12,2020-05-12,2020-05-14,95.42,"6046 Reed Valley Apt. 014
Lake Raymond, AK 39689",562610329095.0
3076895,Elaine Anderson,35,amanda14@example.com,False,BASIC,8.44,2020-08-26,2020-08-28,110.61,"19294 Keith Gardens Apt. 598
South Gerald, NV 82729",3576429202022561.0
2107001,Rhonda Gaines,28,maryacosta@example.net,False,BASIC,0.8,2020-06-29,2020-06-30,84.92,"5793 Jasmine Inlet
Monroeland, MN 38582",4.480135189180314e+18
8021798,Thomas Jones,39,yorkdestiny@example.org,False,BASIC,3.12,2020-04-20,2020-04-21,219.0,"8624 Sanchez Rest
New Charlesborough, SD 13344",4628453741070.0
12781962,Sarah Barry,29,barnesjeremy@example.com,False,DELUXE,20.02,2020-09-04,2020-09-07,190.16,"PSC 5973, Box 5021
APO AP 40871",6544113832541891.0
10575972,Erika Ward,37,cfox@example.com,False,BASIC,31.05,2020-10-08,,144.47,"968 James Cliffs Suite 801
Gilesstad, CO 24523",6544109074064519.0
772431,Brian Thomas,30,adamsmith@example.org,True,BASIC,5.43,2020-11-26,2020-11-27,111.37,"7866 Valerie View Apt. 196
New Jeremybury, NH 05922",4147424643952862.0
11471508,Deborah Adams,40,edward04@example.com,False,BASIC,20.5,2020-06-20,2020-06-21,109.03,"5703 Mcdowell Tunnel Apt. 988
South Tommy, MI 68702",3595886207817229.0
9088683,Jeffrey Gibson,29,whitejames@example.org,False,BASIC,0.41,2020-11-04,2020-11-05,128.22,"625 Mark Mountains Suite 833
Ericastad, ND 95016",6590142598689886.0
16230906,Maureen Gonzalez,37,barry53@example.org,False,BASIC,,2020-10-27,2020-11-01,175.35,"4065 Lopez Lane Apt. 699
Marquezberg, WV 39164",4189677889685806.0
15226830,Chelsea Wiggins,34,nguyenjeremy@example.net,False,BASIC,3.31,2020-05-07,2020-05-08,201.48,"Unit 8603 Box 1687
DPO AA 98691",2263527271875163.0
14231799,Mitchell Morris,31,edward86@example.com,False,DELUXE,7.37,2020-05-12,2020-05-13,171.66,"USS Roberts
FPO AA 25770",6011167384973427.0
6995502,Nicholas Frank,32,derrickrice@example.net,False,BASIC,1.09,2020-04-22,2020-04-23,129.99,"800 Moore Canyon Apt. 420
Timothyborough, AR 53308",3570097715703609.0
10745740,Joseph Johnson,42,zharper@example.com,True,BASIC,0.35,2020-04-09,2020-04-10,204.43,"287 Tammy Springs Suite 667
New Brandyfurt, MA 23574",2287045865387901.0
4697558,Brittany Martin,36,martinjasmine@example.com,True,BASIC,2.32,2020-11-10,2020-11-13,108.13,"160 Donna Loop
East James, MP 56280",2271139202388918.0
12299924,Dawn Garcia,27,olivia80@example.org,False,BASIC,12.76,2020-06-17,2020-06-18,157.24,"9155 Garcia Club Apt. 883
Lake Beth, MA 72215",2711659351292536.0
8237215,Kevin Rodriguez,35,amartinez@example.org,False,BASIC,48.12,2020-07-24,2020-07-25,89.11,"26486 West Burg Suite 381
Port Tammy, MH 30581",213159285891542.0
14870786,Patricia Lee,45,sarahwarren@example.org,False,BASIC,8.77,2020-06-20,2020-06-22,90.73,"USS Wiley
FPO AE 78992",4807437126893.0
2052219,Monica Barnes,38,apena@example.com,False,DELUXE,2.26,2020-04-06,2020-04-07,205.83,"0805 Philip Knoll Apt. 078
Lake Randy, IA 38594",4.227645477533784e+18
8764828,Nicole Jackson,30,xturner@example.net,False,BASIC,0.05,2020-03-31,2020-04-03,83.94,"06212 Amber Gateway
West Stephen, MN 38089",5368685765216331.0
12132364,Caleb Wood,49,pfarmer@example.com,False,BASIC,19.78,2020-07-24,2020-07-25,210.3,"2829 Macias Union Suite 751
New Cherylstad, OR 62894",30438337647164.0
429689,Charles Villanueva,37,xramirez@example.net,False,BASIC,48.12,2021-01-05,,90.79,"2386 Kimberly Turnpike Suite 994
Nataliemouth, ND 43283",341646116867779.0
14586672,Kathy Combs,42,vflores@example.net,True,DELUXE,1.09,2020-09-05,2020-09-06,122.48,"3755 Carpenter Hollow Suite 613
Robertfort, ND 02277",3569607330528323.0
6890306,Megan David,33,tmercado@example.net,True,BASIC,2.82,2020-11-20,2020-11-21,105.42,"138 Nash Islands
Daniellechester, LA 32337",6598392281067245.0
16548955,Travis Price,35,christopher48@example.com,False,BASIC,4.07,2020-03-26,2020-03-27,102.19,"079 Rebecca Stravenue Suite 619
West Jobury, PR 81959",4.4233910644104023e+18
11585393,Courtney Fox DDS,42,ivillegas@example.net,False,DELUXE,0.52,2020-02-06,2020-02-07,128.24,"5785 Larry Falls Suite 723
Kennedyshire, OK 92459",4227258442740422.0
5445953,Emily Sanchez,30,louis16@example.com,False,DELUXE,10.37,2020-03-19,2020-03-20,125.44,"062 Thomas Island Suite 746
Breannabury, VA 87844",3532319969215529.0
1788255,John Lynn,33,mcconnelllisa@example.com,False,DELUXE,7.82,2020-03-20,2020-03-21,251.52,"864 Garcia View Suite 297
Sherryport, NM 28411",2258793948131011.0
5487578,Jason Turner,41,aaronvillegas@example.net,True,BASIC,0.59,2020-03-31,2020-04-02,181.26,"69960 Johnson Ford
Aguilarberg, MD 22924",582910733408.0
9432673,Robert Travis,41,russellwendy@example.org,False,BASIC,2.16,2020-01-26,2020-01-27,122.11,"590 Dean Keys
Williamsmouth, HI 14909",30475561244615.0
16287327,Theresa Robertson,29,mleach@example.net,False,BASIC,4.15,2020-10-22,2020-10-24,105.82,"54841 Jennifer Fall
Amberburgh, OK 76010",4996945604366.0
13069369,Russell Love,35,bradleymartin@example.com,True,BASIC,0.02,2020-09-23,2020-09-24,112.62,"1391 Kyle Spring Suite 670
East Amanda, TN 68407",3584183222730147.0
782373,Timothy Hodges,39,broman@example.com,False,BASIC,5.38,2020-03-01,2020-03-02,128.26,"36267 Chang Lake
Lewisburgh, VT 17191",501880048191.0
4614976,Donald Elliott,38,dennisgray@example.org,True,BASIC,,2020-08-17,2020-08-18,140.22,"Unit 1347 Box 8047
DPO AE 13248",2293421706725348.0
4278756,Patrick Turner,38,owilliams@example.org,False,BASIC,8.59,2020-07-28,2020-08-02,87.27,"21672 Glover Isle Apt. 103
Myersstad, LA 96625",3545627034403135.0
16209311,Martin Ramirez,41,rachelroach@example.com,False,DELUXE,12.2,2020-11-17,2020-11-18,89.76,"USS Cooper
FPO AP 65849",30303138767076.0
11098603,Steven Mckenzie,34,uwilliams@example.org,False,BASIC,12.79,2020-12-13,2020-12-14,123.51,"6413 Carmen Harbor
Meganbury, RI 42376",3592426846472103.0
12733954,Heidi Wood,40,toddwallace@example.org,True,BASIC,25.19,2020-07-09,2020-07-10,165.31,"610 Lopez Club Apt. 173
Cardenasstad, IL 09567",3508710393917211.0
4654878,Kevin Buck,37,klinealexander@example.com,False,BASIC,2.11,2021-01-05,2021-01-06,112.15,"193 Carpenter Stravenue
West Brett, AR 33421",30368504494076.0
1572528,Sarah Jenkins,32,racheldaniel@example.org,False,BASIC,,2020-04-14,2020-04-15,94.82,"USNV Rosales
FPO AP 10940",4949698725433.0
4839584,David Olsen,33,thomas72@example.com,False,DELUXE,48.12,2020-07-03,2020-07-05,130.96,"9418 Alejandro Cliffs
Port Raventon, MS 87001",3581474299602282.0
14880498,Jessica Diaz,39,wilsonmatthew@example.net,False,DELUXE,,2020-12-20,2020-12-21,96.77,"USS Farrell
FPO AA 78210",4812404733150.0
1531724,Shannon Kelly,36,woodsjasmine@example.net,False,BASIC,14.79,2020-08-01,2020-08-02,84.52,"4724 Kelley Plaza
Timothyberg, GU 03563",36350465048624.0
3845626,Brandon Kim,31,edward69@example.org,False,BASIC,,2020-01-15,2020-01-16,155.47,"7996 Pham Cove Suite 434
Anthonyfort, NM 98125",4950603008919832.0
3331176,Charles Smith,32,vvance@example.org,False,BASIC,10.92,2020-01-30,2020-02-01,210.73,"4429 Martin Trafficway Suite 048
Yangburgh, DE 36552",3595430758796845.0
9785065,Russell Smith,35,hestertyler@example.com,False,BASIC,0.0,2020-01-14,2020-01-15,104.7,"USNS Davidson
FPO AP 41561",349073768938869.0
718313,Carol Phillips,38,andreabrewer@example.com,False,BASIC,9.76,2021-01-01,2021-01-02,100.69,"09181 Brown Port Apt. 763
Snowberg, MH 67755",4140017837220.0
1285943,John Thomas,32,lynchsteven@example.net,False,DELUXE,18.08,2020-12-16,2020-12-17,223.21,"927 Williams Inlet
New Pamela, UT 97158",4121993019418146.0
6337071,Diane Pruitt,29,lynchjill@example.com,False,BASIC,15.94,2020-10-09,2020-10-12,195.94,"88419 Nelson Forge Apt. 948
Timothyberg, AS 22549",4424334037386425.0
12180077,Scott Burgess,37,nguyenmolly@example.org,False,BASIC,,2020-07-14,2020-07-17,103.12,"0114 Laura Highway Apt. 723
Lake Kellichester, KY 85278",589093669713.0
10461065,Deborah Hart,35,jessicaturner@example.com,False,BASIC,22.76,2020-05-09,2020-05-10,97.94,"2692 Russell Inlet Suite 269
Anthonyhaven, MH 46478",2643523508791381.0
9920630,Lindsey Soto,41,morganmegan@example.org,False,BASIC,,2020-08-15,2020-08-18,131.28,"543 Buchanan Burg
Vegaborough, IN 89552",30476369305061.0
14606015,Gabriel Turner,33,jeffrey87@example.net,False,DELUXE,15.3,2020-12-21,2020-12-22,168.06,"1095 Gray Village Suite 299
South Susan, NC 02127",180085274515421.0
13627965,Courtney Morgan,31,woodsdaniel@example.com,True,BASIC,0.04,2020-12-21,2020-12-22,230.45,"48283 Christopher Glens
Katelynmouth, MS 29728",4515762056987.0
14407237,Jordan Erickson,30,krystal86@example.org,False,BASIC,,2020-10-01,2020-10-02,155.46,"4043 Johnson Drives
Parsonsmouth, FM 47391",3570959889985843.0
13016615,Mark Snow,41,robertblair@example.org,False,BASIC,6.12,2020-10-19,2020-10-20,161.5,"83059 Jonathon Center
New Julia, NJ 60878",36622117596733.0
2546385,Cassidy Rivers,28,kathleen35@example.org,False,BASIC,36.95,2020-03-28,2020-03-29,90.82,"9399 Weaver Valleys Apt. 541
North Alyssa, SC 26969",38826119261364.0
15316947,Patty Vargas,36,lwells@example.net,False,BASIC,35.83,2020-05-21,2020-05-22,93.63,"3438 Gonzalez Gardens Apt. 274
Williamville, UT 52330",2702408075443798.0
3341042,Martha Choi,38,rsmith@example.com,False,BASIC,28.21,2020-12-16,2020-12-17,131.21,"USNV Stone
FPO AP 41079",349917990939048.0
901303,Jeremiah Wright,41,julie28@example.org,False,BASIC,26.42,2020-04-07,2020-04-08,161.35,"0421 Cordova Shore Suite 776
Thomasmouth, VT 65231",4195949366573.0
6206027,Angela Washington,35,virginia58@example.net,False,BASIC,38.37,2020-10-23,2020-10-26,88.43,"98738 Stephen Spurs
Lake Jeffrey, VT 38174",4986503439481154.0
2094251,Melissa Marsh,33,samantha34@example.net,False,BASIC,22.21,2020-10-19,2020-10-20,94.97,"PSC 9112, Box 6934
APO AP 31268",4762335848413.0
3171833,Andrew Stewart,35,matthewjenkins@example.net,False,BASIC,3.61,2020-08-23,2020-08-24,133.22,"2095 Johnson Wells Apt. 771
East Jefferymouth, NE 71007",6582007622526349.0
2016302,George Mullen,35,fschultz@example.com,False,BASIC,29.96,2020-12-14,,92.19,"4039 David Neck
Conwayhaven, NV 11145",4696137331402.0
2936796,Duane Martinez,33,webstersara@example.com,True,BASIC,8.73,2020-06-17,2020-06-18,116.13,"40595 Mckinney Forest Suite 312
New Joshuatown, WY 72914",345551949006866.0
8329086,Eric Miller,29,sean31@example.net,False,BASIC,20.39,2020-11-29,2020-12-02,112.86,"74976 Leslie Run
Ashleyville, NY 94920",4156590362600.0
12864756,Judy Boyd,44,dennismorse@example.org,True,BASIC,0.62,2020-02-22,,274.92,"4618 Barnes Corner
North Jamiefurt, NV 69261",2254401962772330.0
15213468,Andrew Calhoun,39,swansondeborah@example.org,False,BASIC,3.26,2020-03-16,2020-03-17,98.15,"Unit 1267 Box 8235
DPO AP 90088",6011687406534055.0
8246597,Benjamin Peters,40,dpace@example.com,False,DELUXE,6.57,2020-08-26,2020-08-28,150.63,"217 Jensen Forge Apt. 494
Jaredburgh, SC 57355",676110301303.0
12289466,Leslie Hanson,41,bakerstephen@example.com,False,BASIC,17.28,2020-07-06,2020-07-07,147.0,"5693 Michael Route Apt. 079
Lake Nancyburgh, WI 59151",213175166927874.0
13669135,Megan Young,32,jmartin@example.com,False,BASIC,2.84,2020-08-20,2020-08-22,98.53,"28330 Elizabeth Mill Suite 514
Port Matthew, FM 60291",4860629982674464.0
13333738,Jared King,31,sroberts@example.com,False,SUITE,0.38,2020-06-10,2020-06-11,141.03,"7987 Ryan Squares Suite 084
North Mariashire, WA 35263",4.007983223654014e+18
10994364,Oscar Ferrell,42,mollylee@example.com,False,BASIC,0.54,2020-10-20,2020-10-21,88.19,"881 Alexander Rapids Apt. 809
Delacruzborough, RI 80606",30530321833121.0
12023713,Joshua Ortiz,44,pharris@example.org,False,BASIC,25.94,2020-03-31,2020-04-01,233.65,"419 Hayley Points
North Anthonyville, OK 05394",3529442076212000.0
4663067,Timothy Solis,35,kelly08@example.com,False,BASIC,3.69,2020-03-30,2020-03-31,93.96,"271 Mosley Forges Apt. 933
Kennethfurt, OR 08917",6556937432925004.0
10902055,William Francis,32,robinsonvictoria@example.net,False,BASIC,8.85,2020-10-27,2020-10-28,125.24,"45378 Stephanie Dale Suite 914
Tanyamouth, OK 66390",675970003645.0
4209205,Lucas Brooks,32,james20@example.net,False,BASIC,30.12,2020-12-04,2020-12-05,130.3,"46262 Carter Roads
Lake Caitlin, ID 47528",573270169929.0
15604513,Nancy Smith,37,sarahernandez@example.com,False,BASIC,48.12,2020-01-20,2020-01-21,141.52,"418 Johnson Mall
Andreabury, MS 02294",639011116634.0
5270882,Christopher Brown,35,tracey36@example.net,False,BASIC,22.83,2020-05-29,2020-05-30,91.88,"1246 Chad Skyway Apt. 329
Bowmanstad, KY 93847",4.0040317082035354e+18
4540978,April Clark,34,galvanjennifer@example.net,False,BASIC,10.06,2020-08-19,2020-08-20,134.25,"0904 Johns Summit
Thomasmouth, ME 28175",377327428140182.0
4409836,Daniel Baird,40,asmith@example.org,False,BASIC,0.06,2020-09-26,2020-09-28,122.95,"369 Simmons Ports
North Christinechester, FM 95055",4233876025680376.0
2567281,Allen Martin,28,katrinamills@example.org,False,DELUXE,33.13,2020-03-04,2020-03-06,307.05,"5321 Delacruz Islands
New Samanthashire, ID 47693",213194716824457.0
9331733,Taylor Estrada,42,williamdaniels@example.com,False,BASIC,10.71,2020-09-25,2020-09-26,233.11,"89437 Taylor Expressway
East Bethburgh, DE 26781",3531155490372624.0
6471099,Brandon Suarez,35,josephhoffman@example.com,False,BASIC,48.12,2020-03-28,2020-03-29,181.5,"15815 Casey Roads
Port Timothy, DE 24392",4093011510802801.0
12904207,Brian Davis,28,amberbutler@example.net,False,BASIC,7.05,2020-11-10,2020-11-11,85.3,"5319 Anderson Locks Suite 592
Hillville, VA 06359",4450792200786142.0
5867482,Kim Edwards,43,annafarmer@example.com,False,BASIC,48.12,2020-03-14,2020-03-15,219.68,"1668 Parker Views Apt. 622
Garrisonshire, WY 26577",4138505637441499.0
3761418,Kristin Banks,33,amberlewis@example.com,False,DELUXE,45.34,2020-08-02,2020-08-03,319.15,"2671 Gerald Tunnel Suite 286
North Samuel, FM 27411",370165876065239.0
5571090,Bryan Williams,36,thomas24@example.org,False,SUITE,33.21,2020-12-10,,357.97,"2030 Christopher Inlet
Port Amber, MH 07045",6591025644770835.0
16250044,Claire Gentry,38,gabriellekelly@example.net,False,BASIC,20.11,2020-09-17,2020-09-20,90.67,"96965 Ellis Springs
Lake Spencer, OH 88534",6560200068467971.0
4198973,Brent Ferguson,34,brianzamora@example.net,False,DELUXE,39.04,2020-07-15,2020-07-17,121.29,"PSC 6402, Box 5375
APO AA 15664",566397053737.0
15554641,Tony Hayes,33,bmorris@example.org,False,BASIC,23.8,2020-12-21,2020-12-22,95.99,"581 Snyder Land Apt. 824
Kennethtown, FM 19786",30212656189060.0
7192390,Michael Wilson,41,chavezhannah@example.net,False,BASIC,48.12,2020-05-23,2020-05-25,123.11,"PSC 1964, Box 0032
APO AA 02406",503857772217.0
4226825,Lindsey Dunlap,37,gravessteven@example.org,False,BASIC,19.4,2020-01-23,2020-01-24,87.77,"PSC 7307, Box 7468
APO AE 12560",3550706553620147.0
10688762,Anna Gordon,32,cassie32@example.org,False,BASIC,24.51,2020-11-10,2020-11-11,120.29,"436 Smith Crest Suite 733
Melissaport, NM 15692",4593423614949781.0
584071,Joseph Turner,38,brandonallen@example.net,False,SUITE,32.53,2020-06-24,2020-06-25,234.49,"10839 Smith Valleys Apt. 529
Kingport, NH 79930",4617359498335915.0
11623672,Ronald Chandler,42,vsteele@example.com,False,BASIC,33.66,2020-01-19,2020-01-20,100.76,"8788 Erin Orchard Apt. 839
South Stephanie, AS 73913",6516008034790565.0
8959314,Brandon Calderon,38,udavidson@example.com,False,BASIC,7.62,2020-12-13,2020-12-14,129.09,"786 Evan Forges Suite 792
West Lisa, NY 98423",4.134959112557315e+18
6217781,Christina Strickland,35,kyle23@example.net,False,BASIC,7.38,2020-09-09,2020-09-11,143.29,"58454 Sherman Isle Suite 890
East David, NM 91780",3574124801802677.0
3826536,Ricardo Wang,46,donnaodom@example.net,False,BASIC,,2020-11-15,2020-11-16,183.51,"328 Danny Haven Apt. 575
Brownbury, FM 31800",4.783783004983893e+18
16138282,Miguel Lynn,39,tammycarey@example.net,True,BASIC,37.73,2020-04-03,2020-04-06,100.71,"48578 Parker Underpass
Bradybury, VA 45723",4271372474127278.0
15662531,John Taylor,36,gwebb@example.org,True,BASIC,0.0,2020-02-04,,173.13,"590 Peterson Roads Apt. 892
Lake Phillip, NE 80049",4.4629472135197363e+18
7169890,Mr. Jeffrey Copeland,29,carlnovak@example.com,True,SUITE,0.06,2020-03-10,2020-03-11,97.94,"2854 Steven Haven
West Michael, NE 22990",3519002403616745.0
9935400,Katie Warner,31,lwilliams@example.org,False,BASIC,48.12,2020-10-08,2020-10-11,178.71,"732 Dale Camp
Port Jennifer, MP 64418",6596727834310216.0
